id,date,amount,utr_ref,narration
BNK-fd7a4afe,2026-08-16,381202.05,UTR-MOCK-10102,NEFT/UTR-MOCK-10102/MSFT AZURE/INV-10102
BNK-22e421c6,2026-08-17,417515.88,UTR-MOCK-10104,NEFT/UTR-MOCK-10104/ATLASSIAN JIRA/INV-10104
BNK-50955157,2026-08-20,193870.59,UTR-MOCK-10129,NEFT/UTR-MOCK-10129/ATLASSIAN JIRA/INV-10129
BNK-3393cc75,2026-08-01,149717.14,UTR-MOCK-10124,NEFT/UTR-MOCK-10124/SLACK TECH/INV-10124
BNK-f4b5edb8,2026-08-07,369506.57,UTR-MOCK-10014,NEFT/UTR-MOCK-10014/PWC CONSULTING/INV-10014
BNK-0e3c2460,2026-08-14,227189.42,UTR-MOCK-10069,NEFT/UTR-MOCK-10069/BHARTI AIRTEL/INV-10069
BNK-02f7e207,2026-08-08,202136.37,UTR-MOCK-10013,NEFT/UTR-MOCK-10013/RAZORPAY/INV-10013
BNK-5bbabb7b,2026-07-30,8696.7,UTR-MOCK-10126,NEFT/UTR-MOCK-10126/TATA COMM/INV-10126
BNK-5994d392,2026-08-11,355012.96,UTR-MOCK-10079,NEFT/UTR-MOCK-10079/MSFT AZURE/INV-10079
BNK-3458d135,2026-08-07,31701.7,UTR-MOCK-10015,NEFT/UTR-MOCK-10015/TATA COMM/INV-10015
BNK-88de9c20,2026-08-11,217179.22,UTR-MOCK-10081,NEFT/UTR-MOCK-10081/ZOHO CORP/INV-10081
BNK-02674002,2026-08-10,113386.4,UTR-MOCK-10338,ACH-DR/UTR-MOCK-10338/DELHIVERY LOGISTICS/BILL-10338
BNK-7dc5266a,2026-08-19,268909.09,UTR-MOCK-10273,NEFT/UTR-MOCK-10273/RAZORPAY/INV-10273
BNK-0f1bf117,2026-08-09,118864.4,UTR-MOCK-10072,NEFT/UTR-MOCK-10072/BHARTI AIRTEL/INV-10072
BNK-3b5e650e,2026-07-30,128579.96,UTR-MOCK-10053,NEFT/UTR-MOCK-10053/RAZORPAY/INV-10053
BNK-475e0d0b,2026-08-12,194489.37,UTR-MOCK-10304,NEFT/UTR-MOCK-10304/STRIPE PAY/INV-10304
BNK-11151d7f,2026-08-06,325364.92,UTR-MOCK-10047,NEFT/UTR-MOCK-10047/TATA COMM/INV-10047
BNK-af30db87,2026-07-26,92508.12,UTR-MOCK-10212,NEFT/UTR-MOCK-10212/GITHUB INC/INV-10212
BNK-491f9b4a,2026-08-08,65722.74,UTR-MOCK-10425-DUP,NEFT/UTR-MOCK-10425/GITHUB INC/INV-10425 RE-POST
BNK-ff423fdf,2026-07-25,98422.87,UTR-MOCK-10287,NEFT/UTR-MOCK-10287/STRIPE PAY/INV-10287
BNK-e0bc42c0,2026-08-08,1202.72,UTR-MOCK-10445,CHG/CMS MONTHLY MAINTENANCE CHARGES/REF-10445
BNK-ca9cf8ac,2026-07-27,260349.27,UTR-MOCK-10274,NEFT/UTR-MOCK-10274/STRIPE PAY/INV-10274
BNK-348f4cbb,2026-08-02,55082.48,UTR-MOCK-10426-DUP,NEFT/UTR-MOCK-10426/HUBSPOT MARKETING/INV-10426 RE-POST
BNK-acaff2b8,2026-08-15,408731.39,UTR-MOCK-10011,NEFT/UTR-MOCK-10011/TATA COMM/INV-10011
BNK-6efe9c0d,2026-08-15,57861.48,UTR-MOCK-10431,NEFT/UTR-MOCK-10431/ZOHO CORP/INV-10431
BNK-9c9a551c,2026-08-12,221748.85,UTR-MOCK-10155,NEFT/UTR-MOCK-10155/AWS CLOUD/INV-10155
BNK-88699826,2026-08-19,443859.06,UTR-MOCK-10036,NEFT/UTR-MOCK-10036/BHARTI AIRTEL/INV-10036
BNK-2e3da7fd,2026-07-30,382968.63,UTR-MOCK-10316,NEFT/UTR-MOCK-10316/PWC CONSULTING/INV-10316
BNK-a407e658,2026-08-07,377481.95,UTR-MOCK-10171,NEFT/UTR-MOCK-10171/STRIPE PAY/INV-10171
BNK-262a67aa,2026-07-24,20077.28,UTR-MOCK-10266,NEFT/UTR-MOCK-10266/UBER BIZ/INV-10266
BNK-b932cf7a,2026-07-25,237967.32,UTR-MOCK-10355,RTGS-OUT/UTR-MOCK-10355/STRIPE PAY SERVICES
BNK-40352a16,2026-08-18,242963.62,UTR-MOCK-10335,RTGS-OUT/UTR-MOCK-10335/BHARTI AIRTEL SERVICES
BNK-fbd0c379,2026-08-01,82571.33,UTR-MOCK-10430-DUP,NEFT/UTR-MOCK-10430/RAZORPAY/INV-10430 RE-POST
BNK-aa535a94,2026-07-25,104486.44,UTR-MOCK-10350,UPI/CR/UTR-MOCK-10350/WEWORK IND/PAYMENT
BNK-f601618a,2026-07-17,11376.79,UTR-MOCK-10359,ACH-DR/UTR-MOCK-10359/KPMG AUDIT/BILL-10359
BNK-6770a893,2026-07-20,245035.56,UTR-MOCK-10357,UPI/CR/UTR-MOCK-10357/MICROSOFT /PAYMENT
BNK-61de332f,2026-07-24,26891.84,UTR-MOCK-10225,NEFT/UTR-MOCK-10225/GITHUB INC/INV-10225
BNK-39eacedd,2026-08-13,200363.92,UTR-MOCK-10281,NEFT/UTR-MOCK-10281/WEWORK COWORKING/INV-10281
BNK-398ac53c,2026-08-01,159442.67,UTR-MOCK-10213,NEFT/UTR-MOCK-10213/HUBSPOT MARKETING/INV-10213
BNK-7f9cbf47,2026-08-10,67046.18,UTR-MOCK-10421,NEFT/UTR-MOCK-10421/KPMG AUDIT/INV-10421
BNK-933d4f0d,2026-07-31,108033.58,UTR-MOCK-10403,IMPS/P2A/UTR-MOCK-10403/HUBSPO/SETTLEMENT
BNK-200b9904,2026-07-20,196869.87,UTR-MOCK-10402,RTGS-OUT/UTR-MOCK-10402/TATA COMM SERVICES
BNK-c966c29e,2026-08-02,38414.48,UTR-MOCK-10252,NEFT/UTR-MOCK-10252/TATA COMM/INV-10252
BNK-8d12a879,2026-08-10,242492.66,UTR-MOCK-10187,NEFT/UTR-MOCK-10187/SWIGGY B2B/INV-10187
BNK-e71202e1,2026-08-12,107376.38,UTR-MOCK-10010,NEFT/UTR-MOCK-10010/SWIGGY B2B/INV-10010
BNK-37f3c492,2026-08-18,40281.94,UTR-MOCK-10320,NEFT/UTR-MOCK-10320/DELHIVERY LOGISTICS/INV-10320
BNK-cd08da3f,2026-07-26,55769.44,UTR-MOCK-10071,NEFT/UTR-MOCK-10071/ZOHO CORP/INV-10071
BNK-7eb20162,2026-08-04,53721.66,UTR-MOCK-10422,NEFT/UTR-MOCK-10422/TATA COMM/INV-10422
BNK-0566c5a3,2026-08-20,292055.44,UTR-MOCK-10002,NEFT/UTR-MOCK-10002/KPMG AUDIT/INV-10002
BNK-e985dd2c,2026-08-05,13164.42,UTR-MOCK-10269,NEFT/UTR-MOCK-10269/KPMG AUDIT/INV-10269
BNK-e2ff3863,2026-08-17,36531.74,UTR-MOCK-10419-DUP,NEFT/UTR-MOCK-10419/SLACK TECH/INV-10419 RE-POST
BNK-4f94fcfb,2026-08-08,8586.56,UTR-MOCK-10254,NEFT/UTR-MOCK-10254/KPMG AUDIT/INV-10254
BNK-cf7f66aa,2026-08-20,66388.41,UTR-MOCK-10108,NEFT/UTR-MOCK-10108/WEWORK COWORKING/INV-10108
BNK-1a9adcec,2026-08-04,70887.9,UTR-MOCK-10429,NEFT/UTR-MOCK-10429/SWIGGY B2B/INV-10429
BNK-050e0d6a,2026-08-18,113257.2,UTR-MOCK-10401,IMPS/P2A/UTR-MOCK-10401/AWS CL/SETTLEMENT
BNK-7dcc4504,2026-08-02,243061.19,UTR-MOCK-10331,RTGS-OUT/UTR-MOCK-10331/RAZORPAY SERVICES
BNK-db891698,2026-08-13,213556.85,UTR-MOCK-10349,UPI/CR/UTR-MOCK-10349/SLACK TECH/PAYMENT
BNK-6e1a990e,2026-08-08,65722.74,UTR-MOCK-10425,NEFT/UTR-MOCK-10425/GITHUB INC/INV-10425
BNK-109771db,2026-08-11,64081.75,UTR-MOCK-10262,NEFT/UTR-MOCK-10262/UBER BIZ/INV-10262
BNK-e9e4c495,2026-08-05,70887.9,UTR-MOCK-10429-DUP,NEFT/UTR-MOCK-10429/SWIGGY B2B/INV-10429 RE-POST
BNK-f4eb4947,2026-08-07,89868.98,UTR-MOCK-10354,ACH-DR/UTR-MOCK-10354/NOTION HQ/BILL-10354
BNK-769f7bec,2026-08-06,144614.98,UTR-MOCK-10362,IMPS/P2A/UTR-MOCK-10362/RAZORP/SETTLEMENT
BNK-c7938da8,2026-08-19,8635.9,UTR-MOCK-10258,NEFT/UTR-MOCK-10258/FRESHWORKS/INV-10258
BNK-b8425dcf,2026-07-22,196159.15,UTR-MOCK-10027,NEFT/UTR-MOCK-10027/UBER BIZ/INV-10027
BNK-88d1aed0,2026-08-21,209398.05,UTR-MOCK-10404,UPI/CR/UTR-MOCK-10404/PWC INDIA /PAYMENT
BNK-19cd060d,2026-08-20,278204.99,UTR-MOCK-10113,NEFT/UTR-MOCK-10113/WEWORK COWORKING/INV-10113
BNK-230d5140,2026-08-10,197892.37,UTR-MOCK-10120,NEFT/UTR-MOCK-10120/BHARTI AIRTEL/INV-10120
BNK-d0c7322f,2026-07-19,79248.86,UTR-MOCK-10408,UPI/CR/UTR-MOCK-10408/RAZORPAY S/PAYMENT
BNK-1bb98f70,2026-08-03,304382.1,UTR-MOCK-10051,NEFT/UTR-MOCK-10051/SWIGGY B2B/INV-10051
BNK-c04ee202,2026-08-19,81037.84,UTR-MOCK-10427,NEFT/UTR-MOCK-10427/ATLASSIAN JIRA/INV-10427
BNK-ff8e01df,2026-07-16,134230.25,UTR-MOCK-10352,IMPS/P2A/UTR-MOCK-10352/NOTION/SETTLEMENT
BNK-fa698ead,2026-07-26,371707.62,UTR-MOCK-10087,NEFT/UTR-MOCK-10087/RAZORPAY/INV-10087
BNK-74232236,2026-08-01,43194.14,UTR-MOCK-10244,NEFT/UTR-MOCK-10244/BHARTI AIRTEL/INV-10244
BNK-ead04612,2026-08-02,155421.11,UTR-MOCK-10085,NEFT/UTR-MOCK-10085/MSFT AZURE/INV-10085
BNK-e5a113f9,2026-08-01,179165.69,UTR-MOCK-10140,NEFT/UTR-MOCK-10140/PWC CONSULTING/INV-10140
BNK-3de887b4,2026-08-08,68135.09,UTR-MOCK-10416-DUP,NEFT/UTR-MOCK-10416/STRIPE PAY/INV-10416 RE-POST
BNK-10b8c5cf,2026-07-30,240135.02,UTR-MOCK-10382,ACH-DR/UTR-MOCK-10382/AWS CLOUD/BILL-10382
BNK-13362ccb,2026-08-02,174110.7,UTR-MOCK-10208,NEFT/UTR-MOCK-10208/TATA COMM/INV-10208
BNK-1a8b33a2,2026-08-13,401986.14,UTR-MOCK-10259,NEFT/UTR-MOCK-10259/BHARTI AIRTEL/INV-10259
BNK-938dc797,2026-07-24,192068.77,UTR-MOCK-10016,NEFT/UTR-MOCK-10016/FRESHWORKS/INV-10016
BNK-e3b16237,2026-08-18,59502.18,UTR-MOCK-10423-DUP,NEFT/UTR-MOCK-10423/ZOHO CORP/INV-10423 RE-POST
BNK-7aac4eeb,2026-08-12,74282.71,UTR-MOCK-10428,NEFT/UTR-MOCK-10428/GITHUB INC/INV-10428
BNK-61b16d0f,2026-08-15,53134.55,UTR-MOCK-10432,NEFT/UTR-MOCK-10432/WEWORK COWORKING/INV-10432
BNK-bbd4cab6,2026-07-31,118203.62,UTR-MOCK-10297,NEFT/UTR-MOCK-10297/UBER BIZ/INV-10297
BNK-b0f2f9cf,2026-08-10,1757,UTR-MOCK-10441,CHG/IMPS OUTWARD TXN CONVENIENCE FEE + GST/REF-10441
BNK-59839836,2026-08-05,393153.07,UTR-MOCK-10101,NEFT/UTR-MOCK-10101/NOTION HQ/INV-10101
BNK-87f93630,2026-08-07,79899.17,UTR-MOCK-10307,NEFT/UTR-MOCK-10307/TATA COMM/INV-10307
BNK-ae2a21e1,2026-08-04,26021.27,UTR-MOCK-10400,UPI/CR/UTR-MOCK-10400/UBER FOR B/PAYMENT
BNK-7d793975,2026-08-17,353966.69,UTR-MOCK-10033,NEFT/UTR-MOCK-10033/AWS CLOUD/INV-10033
BNK-7731364b,2026-08-02,74191.46,UTR-MOCK-10435,NEFT/UTR-MOCK-10435/GOOGLE WORKSPACE/INV-10435
BNK-1ecfb714,2026-08-07,90783.59,UTR-MOCK-10133,NEFT/UTR-MOCK-10133/BHARTI AIRTEL/INV-10133
BNK-85ab134a,2026-07-31,236888.76,UTR-MOCK-10176,NEFT/UTR-MOCK-10176/RAZORPAY/INV-10176
BNK-3cf53a7f,2026-08-10,32334.61,UTR-MOCK-10418-DUP,NEFT/UTR-MOCK-10418/RAZORPAY/INV-10418 RE-POST
BNK-956c1f6c,2026-07-22,192332.55,UTR-MOCK-10285,NEFT/UTR-MOCK-10285/AWS CLOUD/INV-10285
BNK-aac817a9,2026-07-21,172810.55,UTR-MOCK-10379,ACH-DR/UTR-MOCK-10379/DELHIVERY LOGISTICS/BILL-10379
BNK-db55ca89,2026-08-02,34832.78,UTR-MOCK-10381,ACH-DR/UTR-MOCK-10381/BHARTI AIRTEL/BILL-10381
BNK-401322bc,2026-07-29,90958.69,UTR-MOCK-10169,NEFT/UTR-MOCK-10169/GOOGLE WORKSPACE/INV-10169
BNK-d05ba8e0,2026-08-04,14241.88,UTR-MOCK-10361,RTGS-OUT/UTR-MOCK-10361/FRESHWORKS SERVICES
BNK-3ae19cdc,2026-08-08,220525.45,UTR-MOCK-10383,IMPS/P2A/UTR-MOCK-10383/SWIGGY/SETTLEMENT
BNK-3f4ff110,2026-07-16,187694.48,UTR-MOCK-10330,UPI/CR/UTR-MOCK-10330/RAZORPAY S/PAYMENT
BNK-f4c6ef15,2026-08-01,435469.45,UTR-MOCK-10035,NEFT/UTR-MOCK-10035/UBER BIZ/INV-10035
BNK-878c4877,2026-08-01,240827.18,UTR-MOCK-10141,NEFT/UTR-MOCK-10141/GITHUB INC/INV-10141
BNK-d07681b0,2026-08-12,66135.04,UTR-MOCK-10440,NEFT/UTR-MOCK-10440/TATA COMM/INV-10440
BNK-09458919,2026-07-31,220832.28,UTR-MOCK-10052,NEFT/UTR-MOCK-10052/HUBSPOT MARKETING/INV-10052
BNK-cebca969,2026-08-08,57554.79,UTR-MOCK-10434,NEFT/UTR-MOCK-10434/GOOGLE WORKSPACE/INV-10434
BNK-6073cff7,2026-08-02,360648.84,UTR-MOCK-10178,NEFT/UTR-MOCK-10178/UBER BIZ/INV-10178
BNK-197fd880,2026-08-15,-7531.82,UTR-MOCK-10474,REFUND/CR/UTR-MOCK-10474/ZOHO CORP/OVERPAYMENT REVERSAL
BNK-2df029b3,2026-08-06,97045,UTR-MOCK-10103,NEFT/UTR-MOCK-10103/ZOHO CORP/INV-10103
BNK-c51a4565,2026-08-05,28576.91,UTR-MOCK-10001,NEFT/UTR-MOCK-10001/NOTION HQ/INV-10001
BNK-c93d83eb,2026-08-19,-18580.16,UTR-MOCK-10472,REFUND/CR/UTR-MOCK-10472/DELHIVERY LOGISTICS/OVERPAYMENT REVERSAL
BNK-23f81ba4,2026-08-10,208865.87,UTR-MOCK-10387,IMPS/P2A/UTR-MOCK-10387/PWC CO/SETTLEMENT
BNK-742794cc,2026-08-19,444278.33,UTR-MOCK-10209,NEFT/UTR-MOCK-10209/SWIGGY B2B/INV-10209
BNK-2d87318e,2026-08-17,58908.19,UTR-MOCK-10420-DUP,NEFT/UTR-MOCK-10420/HUBSPOT MARKETING/INV-10420 RE-POST
BNK-f0847185,2026-08-19,97679.17,UTR-MOCK-10390,ACH-DR/UTR-MOCK-10390/NOTION HQ/BILL-10390
BNK-409c9186,2026-08-13,50376.15,UTR-MOCK-10439-DUP,NEFT/UTR-MOCK-10439/ATLASSIAN JIRA/INV-10439 RE-POST
BNK-3fcd253e,2026-08-17,59502.18,UTR-MOCK-10423,NEFT/UTR-MOCK-10423/ZOHO CORP/INV-10423
BNK-39616ff1,2026-08-04,193832.94,UTR-MOCK-10188,NEFT/UTR-MOCK-10188/GITHUB INC/INV-10188
BNK-ee43448d,2026-08-06,31245.05,UTR-MOCK-10438,NEFT/UTR-MOCK-10438/ATLASSIAN JIRA/INV-10438
BNK-997f63de,2026-08-13,208503.72,UTR-MOCK-10344,ACH-DR/UTR-MOCK-10344/MSFT AZURE/BILL-10344
BNK-7da63ad6,2026-07-28,241378.08,UTR-MOCK-10277,NEFT/UTR-MOCK-10277/HUBSPOT MARKETING/INV-10277
BNK-c1237732,2026-08-01,170941.87,UTR-MOCK-10099,NEFT/UTR-MOCK-10099/FRESHWORKS/INV-10099
BNK-cb3739fe,2026-08-08,76337.26,UTR-MOCK-10125,NEFT/UTR-MOCK-10125/SWIGGY B2B/INV-10125
BNK-44a52d79,2026-08-16,47297.45,UTR-MOCK-10263,NEFT/UTR-MOCK-10263/GOOGLE WORKSPACE/INV-10263
BNK-5801b486,2026-08-06,15100.72,UTR-MOCK-10437-DUP,NEFT/UTR-MOCK-10437/PWC CONSULTING/INV-10437 RE-POST
BNK-bb283441,2026-07-22,377082.38,UTR-MOCK-10219,NEFT/UTR-MOCK-10219/HUBSPOT MARKETING/INV-10219
BNK-3a9ad2a3,2026-08-06,15100.72,UTR-MOCK-10437,NEFT/UTR-MOCK-10437/PWC CONSULTING/INV-10437
BNK-aa1e2e23,2026-07-31,2109.5,UTR-MOCK-10442,CHG/CMS MONTHLY MAINTENANCE CHARGES/REF-10442
BNK-3572232f,2026-08-14,-17080.02,UTR-MOCK-10476,REFUND/CR/UTR-MOCK-10476/ZOHO CORP/OVERPAYMENT REVERSAL
BNK-ce38288a,2026-08-09,174837.27,UTR-MOCK-10364,ACH-DR/UTR-MOCK-10364/WEWORK COWORKING/BILL-10364
BNK-2dda64c3,2026-08-17,318333.24,UTR-MOCK-10106,NEFT/UTR-MOCK-10106/FRESHWORKS/INV-10106
BNK-88cc4324,2026-08-12,152134.78,UTR-MOCK-10136,NEFT/UTR-MOCK-10136/NOTION HQ/INV-10136
BNK-084ddfdb,2026-08-08,216445.28,UTR-MOCK-10358,RTGS-OUT/UTR-MOCK-10358/UBER BIZ SERVICES
BNK-383de801,2026-08-17,151274.82,UTR-MOCK-10356,UPI/CR/UTR-MOCK-10356/FRESHWORKS/PAYMENT
BNK-ed3d93a3,2026-08-18,384299.59,UTR-MOCK-10061,NEFT/UTR-MOCK-10061/NOTION HQ/INV-10061
BNK-64d62875,2026-08-20,319533.81,UTR-MOCK-10295,NEFT/UTR-MOCK-10295/HUBSPOT MARKETING/INV-10295
BNK-36cd2ba4,2026-08-16,57861.48,UTR-MOCK-10431-DUP,NEFT/UTR-MOCK-10431/ZOHO CORP/INV-10431 RE-POST
BNK-b06bdf52,2026-08-16,43989.44,UTR-MOCK-10004,NEFT/UTR-MOCK-10004/GITHUB INC/INV-10004
BNK-7730e45e,2026-08-09,119446.53,UTR-MOCK-10161,NEFT/UTR-MOCK-10161/ZOHO CORP/INV-10161
BNK-506346d6,2026-07-26,83933.77,UTR-MOCK-10038,NEFT/UTR-MOCK-10038/PWC CONSULTING/INV-10038
BNK-da82caa4,2026-08-07,303293.37,UTR-MOCK-10214,NEFT/UTR-MOCK-10214/UBER BIZ/INV-10214
BNK-ff629a7d,2026-08-09,410964.6,UTR-MOCK-10075,NEFT/UTR-MOCK-10075/RAZORPAY/INV-10075
BNK-8027f1b9,2026-07-27,808.5,UTR-MOCK-10464,CHG/BANK GUARANTEE SERVICING FEE/REF-10464
BNK-4a7594fc,2026-08-05,53721.66,UTR-MOCK-10422-DUP,NEFT/UTR-MOCK-10422/TATA COMM/INV-10422 RE-POST
BNK-c1f305e9,2026-08-14,229654.82,UTR-MOCK-10179,NEFT/UTR-MOCK-10179/MSFT AZURE/INV-10179
BNK-c5df9e81,2026-07-23,91184.5,UTR-MOCK-10412,UPI/CR/UTR-MOCK-10412/DELHIVERY /PAYMENT
BNK-d5124863,2026-08-13,50376.15,UTR-MOCK-10439,NEFT/UTR-MOCK-10439/ATLASSIAN JIRA/INV-10439
BNK-86989bb3,2026-07-24,425689.83,UTR-MOCK-10049,NEFT/UTR-MOCK-10049/SWIGGY B2B/INV-10049
BNK-143029c8,2026-07-26,300951,UTR-MOCK-10048,NEFT/UTR-MOCK-10048/GITHUB INC/INV-10048
BNK-4bb5d7b2,2026-08-09,-22206.17,UTR-MOCK-10480,REFUND/CR/UTR-MOCK-10480/STRIPE PAY/OVERPAYMENT REVERSAL
BNK-6eb079f4,2026-08-20,234667.29,UTR-MOCK-10159,NEFT/UTR-MOCK-10159/STRIPE PAY/INV-10159
BNK-235a6f24,2026-08-01,227305.32,UTR-MOCK-10386,ACH-DR/UTR-MOCK-10386/KPMG AUDIT/BILL-10386
BNK-341bad2d,2026-08-20,395383.38,UTR-MOCK-10292,NEFT/UTR-MOCK-10292/FRESHWORKS/INV-10292
BNK-f7667856,2026-08-02,55082.48,UTR-MOCK-10426,NEFT/UTR-MOCK-10426/HUBSPOT MARKETING/INV-10426
BNK-613db75f,2026-08-15,53134.55,UTR-MOCK-10432-DUP,NEFT/UTR-MOCK-10432/WEWORK COWORKING/INV-10432 RE-POST
BNK-090b2d7d,2026-08-16,120848.77,UTR-MOCK-10367,RTGS-OUT/UTR-MOCK-10367/BHARTI AIRTEL SERVICES
BNK-2c899f63,2026-08-16,220395.12,UTR-MOCK-10020,NEFT/UTR-MOCK-10020/GOOGLE WORKSPACE/INV-10020
BNK-a745d515,2026-08-13,-20544.19,UTR-MOCK-10469,REFUND/CR/UTR-MOCK-10469/GITHUB INC/OVERPAYMENT REVERSAL
BNK-ed998999,2026-07-27,3944.72,UTR-MOCK-10460,CHG/BANK GUARANTEE SERVICING FEE/REF-10460
BNK-0df3252d,2026-08-17,363692.69,UTR-MOCK-10300,NEFT/UTR-MOCK-10300/HUBSPOT MARKETING/INV-10300
BNK-6635c6ad,2026-08-15,336222.96,UTR-MOCK-10018,NEFT/UTR-MOCK-10018/FRESHWORKS/INV-10018
BNK-bf575253,2026-08-20,396014.89,UTR-MOCK-10012,NEFT/UTR-MOCK-10012/AWS CLOUD/INV-10012
BNK-0f9c9c59,2026-07-18,164450.68,UTR-MOCK-10395,UPI/CR/UTR-MOCK-10395/SLACK TECH/PAYMENT
BNK-30704259,2026-08-13,449058.84,UTR-MOCK-10181,NEFT/UTR-MOCK-10181/TATA COMM/INV-10181
BNK-0201a3a9,2026-08-18,239142.81,UTR-MOCK-10147,NEFT/UTR-MOCK-10147/DELHIVERY LOGISTICS/INV-10147
BNK-2e877ca1,2026-08-09,32334.61,UTR-MOCK-10418,NEFT/UTR-MOCK-10418/RAZORPAY/INV-10418
BNK-a78fdaaa,2026-08-07,68135.09,UTR-MOCK-10416,NEFT/UTR-MOCK-10416/STRIPE PAY/INV-10416
BNK-9572ebc7,2026-08-12,74282.71,UTR-MOCK-10428-DUP,NEFT/UTR-MOCK-10428/GITHUB INC/INV-10428 RE-POST
BNK-55870c92,2026-08-14,167858.62,UTR-MOCK-10495,DIRECT-TRANSFER/MISC-EQUIPMENT-EXPENSE/UTR-MOCK-10495/UNRECORDED
BNK-6f6ede8c,2026-08-10,294345.27,UTR-MOCK-10130,NEFT/UTR-MOCK-10130/SLACK TECH/INV-10130
BNK-517c908e,2026-08-11,218688.73,UTR-MOCK-10234,NEFT/UTR-MOCK-10234/NOTION HQ/INV-10234
BNK-c5a5dd73,2026-08-11,146981.62,UTR-MOCK-10086,NEFT/UTR-MOCK-10086/FRESHWORKS/INV-10086
BNK-399eb505,2026-07-24,395084.07,UTR-MOCK-10005,NEFT/UTR-MOCK-10005/DELHIVERY LOGISTICS/INV-10005
BNK-74733d7a,2026-08-15,99047.38,UTR-MOCK-10343,IMPS/P2A/UTR-MOCK-10343/DELHIV/SETTLEMENT
BNK-d3af0b2c,2026-08-17,24763.23,UTR-MOCK-10433-DUP,NEFT/UTR-MOCK-10433/STRIPE PAY/INV-10433 RE-POST
BNK-57f270ed,2026-07-28,5455.56,UTR-MOCK-10077,NEFT/UTR-MOCK-10077/FRESHWORKS/INV-10077
BNK-decc3d9e,2026-08-12,129922.09,UTR-MOCK-10021,NEFT/UTR-MOCK-10021/AWS CLOUD/INV-10021
BNK-f4d4fd8f,2026-08-19,114577.11,UTR-MOCK-10115,NEFT/UTR-MOCK-10115/SLACK TECH/INV-10115
BNK-fcb1bfcb,2026-07-30,338525.83,UTR-MOCK-10029,NEFT/UTR-MOCK-10029/DELHIVERY LOGISTICS/INV-10029
BNK-e44cb1b9,2026-08-14,105283.04,UTR-MOCK-10483,DIRECT-TRANSFER/MISC-EQUIPMENT-EXPENSE/UTR-MOCK-10483/UNRECORDED
BNK-b878014e,2026-08-17,66271.09,UTR-MOCK-10280,NEFT/UTR-MOCK-10280/DELHIVERY LOGISTICS/INV-10280
BNK-ed74a475,2026-07-19,157355.96,UTR-MOCK-10327,UPI/CR/UTR-MOCK-10327/DELHIVERY /PAYMENT
BNK-b0edbc55,2026-07-26,306591.55,UTR-MOCK-10003,NEFT/UTR-MOCK-10003/ZOHO CORP/INV-10003
BNK-c5d90439,2026-08-12,4165.5,UTR-MOCK-10462,CHG/CURRENT ACCOUNT QUARTERLY LEDGER FOLIO CHG/REF-10462
BNK-7b8429a2,2026-08-15,434148.97,UTR-MOCK-10089,NEFT/UTR-MOCK-10089/STRIPE PAY/INV-10089
BNK-61b17df4,2026-08-02,199645.21,UTR-MOCK-10164,NEFT/UTR-MOCK-10164/SWIGGY B2B/INV-10164
BNK-95a9d60c,2026-08-03,81382.84,UTR-MOCK-10172,NEFT/UTR-MOCK-10172/WEWORK COWORKING/INV-10172
BNK-52017de6,2026-07-31,443833.76,UTR-MOCK-10163,NEFT/UTR-MOCK-10163/SLACK TECH/INV-10163
BNK-4ec19d29,2026-08-08,376820.29,UTR-MOCK-10192,NEFT/UTR-MOCK-10192/SLACK TECH/INV-10192
BNK-14ebb0b2,2026-08-03,96252.45,UTR-MOCK-10251,NEFT/UTR-MOCK-10251/HUBSPOT MARKETING/INV-10251
BNK-ae3e9965,2026-07-30,229126.58,UTR-MOCK-10201,NEFT/UTR-MOCK-10201/UBER BIZ/INV-10201
BNK-2611207b,2026-08-20,81037.84,UTR-MOCK-10427-DUP,NEFT/UTR-MOCK-10427/ATLASSIAN JIRA/INV-10427 RE-POST
BNK-9e30c1b9,2026-08-16,381119.19,UTR-MOCK-10182,NEFT/UTR-MOCK-10182/ATLASSIAN JIRA/INV-10182
BNK-99f8f15c,2026-08-12,9454.49,UTR-MOCK-10315,NEFT/UTR-MOCK-10315/NOTION HQ/INV-10315
BNK-e9130d8e,2026-08-15,355886.76,UTR-MOCK-10298,NEFT/UTR-MOCK-10298/WEWORK COWORKING/INV-10298
BNK-acd6253e,2026-07-30,180143.05,UTR-MOCK-10042,NEFT/UTR-MOCK-10042/MSFT AZURE/INV-10042
BNK-e8eec86d,2026-07-30,410930.1,UTR-MOCK-10082,NEFT/UTR-MOCK-10082/KPMG AUDIT/INV-10082
BNK-9f8e5989,2026-07-28,314822.06,UTR-MOCK-10301,NEFT/UTR-MOCK-10301/MSFT AZURE/INV-10301
BNK-77712c11,2026-07-27,82932.22,UTR-MOCK-10410,UPI/CR/UTR-MOCK-10410/PWC INDIA /PAYMENT
BNK-a11dd630,2026-08-18,330616.47,UTR-MOCK-10215,NEFT/UTR-MOCK-10215/KPMG AUDIT/INV-10215
BNK-de86c8e5,2026-08-13,157543.64,UTR-MOCK-10368,ACH-DR/UTR-MOCK-10368/UBER BIZ/BILL-10368
BNK-6cb884a9,2026-08-09,408451.92,UTR-MOCK-10186,NEFT/UTR-MOCK-10186/KPMG AUDIT/INV-10186
BNK-af9389c3,2026-07-26,68860.92,UTR-MOCK-10091,NEFT/UTR-MOCK-10091/NOTION HQ/INV-10091
BNK-008dd9bc,2026-07-25,414375.9,UTR-MOCK-10066,NEFT/UTR-MOCK-10066/MSFT AZURE/INV-10066
BNK-6a648cbe,2026-08-18,626.72,UTR-MOCK-10454,CHG/IMPS OUTWARD TXN CONVENIENCE FEE + GST/REF-10454
BNK-2a3abae6,2026-08-05,112737.43,UTR-MOCK-10204,NEFT/UTR-MOCK-10204/ATLASSIAN JIRA/INV-10204
BNK-06358047,2026-07-25,271305.39,UTR-MOCK-10017,NEFT/UTR-MOCK-10017/BHARTI AIRTEL/INV-10017
BNK-86c34f02,2026-07-23,6386.61,UTR-MOCK-10207,NEFT/UTR-MOCK-10207/FRESHWORKS/INV-10207
BNK-7b15c308,2026-07-29,2411.72,UTR-MOCK-10443,CHG/IMPS OUTWARD TXN CONVENIENCE FEE + GST/REF-10443
BNK-f17e0eb1,2026-08-18,232388.52,UTR-MOCK-10248,NEFT/UTR-MOCK-10248/FRESHWORKS/INV-10248
BNK-26e5b680,2026-08-12,209346.02,UTR-MOCK-10054,NEFT/UTR-MOCK-10054/PWC CONSULTING/INV-10054
BNK-11308ac7,2026-08-07,204008.98,UTR-MOCK-10342,RTGS-OUT/UTR-MOCK-10342/RAZORPAY SERVICES
BNK-775919de,2026-07-30,193636.67,UTR-MOCK-10008,NEFT/UTR-MOCK-10008/GOOGLE WORKSPACE/INV-10008
BNK-17827bf0,2026-08-14,435777.68,UTR-MOCK-10023,NEFT/UTR-MOCK-10023/PWC CONSULTING/INV-10023
BNK-1e895234,2026-08-18,286426.25,UTR-MOCK-10068,NEFT/UTR-MOCK-10068/SWIGGY B2B/INV-10068
BNK-516940b0,2026-07-30,449868.97,UTR-MOCK-10233,NEFT/UTR-MOCK-10233/HUBSPOT MARKETING/INV-10233
BNK-f534ae46,2026-08-14,101846.92,UTR-MOCK-10090,NEFT/UTR-MOCK-10090/DELHIVERY LOGISTICS/INV-10090
BNK-ab57e4b6,2026-08-10,364954.26,UTR-MOCK-10034,NEFT/UTR-MOCK-10034/GITHUB INC/INV-10034
BNK-464deca8,2026-08-17,58908.19,UTR-MOCK-10420,NEFT/UTR-MOCK-10420/HUBSPOT MARKETING/INV-10420
BNK-671ddde7,2026-08-01,348073.28,UTR-MOCK-10199,NEFT/UTR-MOCK-10199/ATLASSIAN JIRA/INV-10199
BNK-7f31dd4c,2026-08-16,79316.56,UTR-MOCK-10498,DIRECT-TRANSFER/MISC-EQUIPMENT-EXPENSE/UTR-MOCK-10498/UNRECORDED
BNK-e9c9e0ea,2026-07-30,55781.23,UTR-MOCK-10105,NEFT/UTR-MOCK-10105/ZOHO CORP/INV-10105
BNK-972823b4,2026-08-06,4275.5,UTR-MOCK-10456,CHG/CURRENT ACCOUNT QUARTERLY LEDGER FOLIO CHG/REF-10456
BNK-aba9209a,2026-08-20,126704.37,UTR-MOCK-10487,DIRECT-TRANSFER/MISC-EQUIPMENT-EXPENSE/UTR-MOCK-10487/UNRECORDED
BNK-b0d50708,2026-08-08,173698.6,UTR-MOCK-10194,NEFT/UTR-MOCK-10194/HUBSPOT MARKETING/INV-10194
BNK-579b038b,2026-08-08,195451.24,UTR-MOCK-10268,NEFT/UTR-MOCK-10268/UBER BIZ/INV-10268
BNK-5b3332fe,2026-07-27,47889.52,UTR-MOCK-10278,NEFT/UTR-MOCK-10278/FRESHWORKS/INV-10278
BNK-428a1028,2026-08-07,118295.86,UTR-MOCK-10481,DIRECT-TRANSFER/MISC-EQUIPMENT-EXPENSE/UTR-MOCK-10481/UNRECORDED
BNK-19f11f7a,2026-08-15,328299.84,UTR-MOCK-10284,NEFT/UTR-MOCK-10284/GOOGLE WORKSPACE/INV-10284
BNK-e8607335,2026-08-12,12099.06,UTR-MOCK-10424,NEFT/UTR-MOCK-10424/ZOHO CORP/INV-10424
BNK-11c3579b,2026-08-13,1110.5,UTR-MOCK-10449,CHG/BANK GUARANTEE SERVICING FEE/REF-10449
BNK-d73ac2de,2026-08-17,20477.4,UTR-MOCK-10197,NEFT/UTR-MOCK-10197/AWS CLOUD/INV-10197
BNK-52f0668a,2026-08-17,63948.88,UTR-MOCK-10489,DIRECT-TRANSFER/MISC-EQUIPMENT-EXPENSE/UTR-MOCK-10489/UNRECORDED
BNK-b06acb4f,2026-07-25,305052.3,UTR-MOCK-10175,NEFT/UTR-MOCK-10175/TATA COMM/INV-10175
BNK-40ed886e,2026-08-16,109140.63,UTR-MOCK-10223,NEFT/UTR-MOCK-10223/SLACK TECH/INV-10223
BNK-2c9154e0,2026-08-01,213604.77,UTR-MOCK-10396,IMPS/P2A/UTR-MOCK-10396/DELHIV/SETTLEMENT
BNK-60b910e4,2026-08-10,362935.09,UTR-MOCK-10240,NEFT/UTR-MOCK-10240/RAZORPAY/INV-10240
BNK-112267bc,2026-08-17,176954.73,UTR-MOCK-10134,NEFT/UTR-MOCK-10134/GOOGLE WORKSPACE/INV-10134
BNK-f93810a5,2026-08-16,3619.5,UTR-MOCK-10452,CHG/CMS MONTHLY MAINTENANCE CHARGES/REF-10452
BNK-96f70a61,2026-08-16,127170.38,UTR-MOCK-10247,NEFT/UTR-MOCK-10247/TATA COMM/INV-10247
BNK-cc5c0b0b,2026-08-15,71590.36,UTR-MOCK-10436,NEFT/UTR-MOCK-10436/UBER BIZ/INV-10436
BNK-969b231a,2026-08-09,275880.74,UTR-MOCK-10006,NEFT/UTR-MOCK-10006/KPMG AUDIT/INV-10006
BNK-c1a631e2,2026-08-10,16122.51,UTR-MOCK-10148,NEFT/UTR-MOCK-10148/GOOGLE WORKSPACE/INV-10148
BNK-91941fbb,2026-07-24,209849.37,UTR-MOCK-10414,UPI/CR/UTR-MOCK-10414/PWC INDIA /PAYMENT
BNK-89224259,2026-07-30,106195.35,UTR-MOCK-10376,IMPS/P2A/UTR-MOCK-10376/GOOGLE/SETTLEMENT
BNK-b82cfc93,2026-08-08,13746.85,UTR-MOCK-10417-DUP,NEFT/UTR-MOCK-10417/MSFT AZURE/INV-10417 RE-POST
BNK-ec6eca29,2026-08-08,12970.69,UTR-MOCK-10303,NEFT/UTR-MOCK-10303/MSFT AZURE/INV-10303
BNK-51124483,2026-07-30,3682.5,UTR-MOCK-10451,CHG/BULK RTGS PROCESSING CHARGE/REF-10451
BNK-758e902f,2026-08-01,237215.56,UTR-MOCK-10228,NEFT/UTR-MOCK-10228/MSFT AZURE/INV-10228
BNK-443ab677,2026-08-04,76712.08,UTR-MOCK-10007,NEFT/UTR-MOCK-10007/SWIGGY B2B/INV-10007
BNK-848c09ac,2026-08-13,26353.49,UTR-MOCK-10195,NEFT/UTR-MOCK-10195/UBER BIZ/INV-10195
BNK-85080fec,2026-08-17,-29787.73,UTR-MOCK-10468,REFUND/CR/UTR-MOCK-10468/HUBSPOT MARKETING/OVERPAYMENT REVERSAL
BNK-80af584c,2026-08-09,55429.44,UTR-MOCK-10347,IMPS/P2A/UTR-MOCK-10347/WEWORK/SETTLEMENT
BNK-44a6f4ea,2026-08-11,206223.22,UTR-MOCK-10185,NEFT/UTR-MOCK-10185/STRIPE PAY/INV-10185
BNK-7d392ad3,2026-07-30,94022.36,UTR-MOCK-10083,NEFT/UTR-MOCK-10083/NOTION HQ/INV-10083
BNK-a394b948,2026-07-18,234484.92,UTR-MOCK-10328,UPI/CR/UTR-MOCK-10328/UBER FOR B/PAYMENT
BNK-ee3f7781,2026-07-29,78741.74,UTR-MOCK-10121,NEFT/UTR-MOCK-10121/RAZORPAY/INV-10121
BNK-f2eaeb07,2026-08-03,239545.1,UTR-MOCK-10022,NEFT/UTR-MOCK-10022/WEWORK COWORKING/INV-10022
BNK-25bb6d37,2026-08-13,279674.07,UTR-MOCK-10062,NEFT/UTR-MOCK-10062/UBER BIZ/INV-10062
BNK-65354144,2026-07-25,440727.53,UTR-MOCK-10152,NEFT/UTR-MOCK-10152/MSFT AZURE/INV-10152
BNK-e5846cd4,2026-08-05,89119.85,UTR-MOCK-10221,NEFT/UTR-MOCK-10221/UBER BIZ/INV-10221
BNK-385ed607,2026-08-01,109187.22,UTR-MOCK-10370,UPI/CR/UTR-MOCK-10370/UBER FOR B/PAYMENT
BNK-00909655,2026-08-08,399059.06,UTR-MOCK-10296,NEFT/UTR-MOCK-10296/SWIGGY B2B/INV-10296
BNK-16b44e53,2026-07-28,4395.5,UTR-MOCK-10458,CHG/CMS MONTHLY MAINTENANCE CHARGES/REF-10458
BNK-49c519d2,2026-08-02,393635.56,UTR-MOCK-10151,NEFT/UTR-MOCK-10151/HUBSPOT MARKETING/INV-10151
BNK-8e7248e7,2026-08-02,373694.45,UTR-MOCK-10217,NEFT/UTR-MOCK-10217/NOTION HQ/INV-10217
BNK-1c22de1b,2026-08-11,383695.59,UTR-MOCK-10264,NEFT/UTR-MOCK-10264/AWS CLOUD/INV-10264
BNK-b431a112,2026-07-30,2367,UTR-MOCK-10446,CHG/IMPS OUTWARD TXN CONVENIENCE FEE + GST/REF-10446
BNK-1420f47b,2026-08-20,-16219.11,UTR-MOCK-10471,REFUND/CR/UTR-MOCK-10471/DELHIVERY LOGISTICS/OVERPAYMENT REVERSAL
BNK-11b5c97e,2026-08-06,31245.05,UTR-MOCK-10438-DUP,NEFT/UTR-MOCK-10438/ATLASSIAN JIRA/INV-10438 RE-POST
BNK-6b931ff2,2026-08-16,355702.74,UTR-MOCK-10070,NEFT/UTR-MOCK-10070/DELHIVERY LOGISTICS/INV-10070
BNK-5dc1d9b7,2026-08-13,32887.4,UTR-MOCK-10032,NEFT/UTR-MOCK-10032/NOTION HQ/INV-10032
BNK-03c5f082,2026-08-02,34153.85,UTR-MOCK-10080,NEFT/UTR-MOCK-10080/GOOGLE WORKSPACE/INV-10080
BNK-f77fcb42,2026-08-11,74102.06,UTR-MOCK-10493,DIRECT-TRANSFER/MISC-EQUIPMENT-EXPENSE/UTR-MOCK-10493/UNRECORDED
BNK-50939a59,2026-08-15,71590.36,UTR-MOCK-10436-DUP,NEFT/UTR-MOCK-10436/UBER BIZ/INV-10436 RE-POST
BNK-3df04344,2026-08-15,214581.87,UTR-MOCK-10189,NEFT/UTR-MOCK-10189/MSFT AZURE/INV-10189
BNK-53570b52,2026-08-20,31728.2,UTR-MOCK-10500,DIRECT-TRANSFER/MISC-EQUIPMENT-EXPENSE/UTR-MOCK-10500/UNRECORDED
BNK-32d0eaa3,2026-08-04,74634.46,UTR-MOCK-10193,NEFT/UTR-MOCK-10193/NOTION HQ/INV-10193
BNK-5138a56f,2026-08-04,155027.74,UTR-MOCK-10203,NEFT/UTR-MOCK-10203/HUBSPOT MARKETING/INV-10203
BNK-5bf653dc,2026-08-07,177985.07,UTR-MOCK-10276,NEFT/UTR-MOCK-10276/SWIGGY B2B/INV-10276
BNK-9fac14df,2026-08-02,-9324.88,UTR-MOCK-10466,REFUND/CR/UTR-MOCK-10466/MSFT AZURE/OVERPAYMENT REVERSAL
BNK-14229844,2026-08-06,112995.72,UTR-MOCK-10332,RTGS-OUT/UTR-MOCK-10332/ATLASSIAN JIRA SERVICES
BNK-ec891dcb,2026-07-29,149202.81,UTR-MOCK-10293,NEFT/UTR-MOCK-10293/PWC CONSULTING/INV-10293
BNK-11752bed,2026-08-11,354439.76,UTR-MOCK-10183,NEFT/UTR-MOCK-10183/PWC CONSULTING/INV-10183
BNK-91d98b85,2026-08-19,34490.65,UTR-MOCK-10216,NEFT/UTR-MOCK-10216/TATA COMM/INV-10216
BNK-bb013fe6,2026-08-08,110441.38,UTR-MOCK-10377,UPI/CR/UTR-MOCK-10377/HUBSPOT IR/PAYMENT
BNK-d9307fb4,2026-08-08,355720.88,UTR-MOCK-10025,NEFT/UTR-MOCK-10025/DELHIVERY LOGISTICS/INV-10025
BNK-1a8b6481,2026-07-25,129237.59,UTR-MOCK-10345,UPI/CR/UTR-MOCK-10345/PWC INDIA /PAYMENT
BNK-53c2e018,2026-07-28,48871.21,UTR-MOCK-10128,NEFT/UTR-MOCK-10128/AWS CLOUD/INV-10128
BNK-b352a6ac,2026-07-25,230629.2,UTR-MOCK-10111,NEFT/UTR-MOCK-10111/TATA COMM/INV-10111
BNK-91297db3,2026-07-27,394571.89,UTR-MOCK-10019,NEFT/UTR-MOCK-10019/RAZORPAY/INV-10019
BNK-e894eff7,2026-08-10,70937.99,UTR-MOCK-10059,NEFT/UTR-MOCK-10059/HUBSPOT MARKETING/INV-10059
BNK-3d00f058,2026-07-18,77883.7,UTR-MOCK-10415,RTGS-OUT/UTR-MOCK-10415/KPMG AUDIT SERVICES
BNK-fafa1b53,2026-07-27,105357.73,UTR-MOCK-10122,NEFT/UTR-MOCK-10122/ZOHO CORP/INV-10122
BNK-fd7c5bbc,2026-08-08,169279.37,UTR-MOCK-10267,NEFT/UTR-MOCK-10267/DELHIVERY LOGISTICS/INV-10267
BNK-eab87174,2026-08-15,3176,UTR-MOCK-10447,CHG/CORPORATE NETBANKING TOKEN RENEWAL CHARGE/REF-10447
BNK-757269cf,2026-08-01,427962.02,UTR-MOCK-10097,NEFT/UTR-MOCK-10097/HUBSPOT MARKETING/INV-10097
BNK-68ccb83f,2026-07-23,217888.49,UTR-MOCK-10388,ACH-DR/UTR-MOCK-10388/BHARTI AIRTEL/BILL-10388
BNK-3a1e6852,2026-08-06,103146.22,UTR-MOCK-10337,RTGS-OUT/UTR-MOCK-10337/TATA COMM SERVICES
BNK-94f59362,2026-07-28,72733.47,UTR-MOCK-10074,NEFT/UTR-MOCK-10074/TATA COMM/INV-10074
BNK-cc65d4a3,2026-07-30,223795.75,UTR-MOCK-10166,NEFT/UTR-MOCK-10166/DELHIVERY LOGISTICS/INV-10166
BNK-a07c4f51,2026-08-15,350136.13,UTR-MOCK-10046,NEFT/UTR-MOCK-10046/ATLASSIAN JIRA/INV-10046
BNK-c9aa65b2,2026-08-05,142423.37,UTR-MOCK-10257,NEFT/UTR-MOCK-10257/UBER BIZ/INV-10257
BNK-72b05833,2026-08-20,379967.87,UTR-MOCK-10312,NEFT/UTR-MOCK-10312/BHARTI AIRTEL/INV-10312
BNK-a1b2d7fc,2026-08-11,440344.04,UTR-MOCK-10131,NEFT/UTR-MOCK-10131/MSFT AZURE/INV-10131
BNK-ca42ba83,2026-07-27,331935.96,UTR-MOCK-10319,NEFT/UTR-MOCK-10319/MSFT AZURE/INV-10319
BNK-b307fae2,2026-08-06,3651.5,UTR-MOCK-10455,CHG/CORPORATE NETBANKING TOKEN RENEWAL CHARGE/REF-10455
BNK-fceabb14,2026-08-09,28169.56,UTR-MOCK-10119,NEFT/UTR-MOCK-10119/TATA COMM/INV-10119
BNK-b7daf60e,2026-08-02,172571.36,UTR-MOCK-10142,NEFT/UTR-MOCK-10142/SLACK TECH/INV-10142
BNK-17ddc907,2026-08-12,24277.52,UTR-MOCK-10157,NEFT/UTR-MOCK-10157/KPMG AUDIT/INV-10157
BNK-b4b22bfc,2026-08-19,355824.89,UTR-MOCK-10210,NEFT/UTR-MOCK-10210/KPMG AUDIT/INV-10210
BNK-4410dafd,2026-08-19,426660.16,UTR-MOCK-10184,NEFT/UTR-MOCK-10184/RAZORPAY/INV-10184
BNK-af4073cf,2026-07-22,421466.89,UTR-MOCK-10058,NEFT/UTR-MOCK-10058/DELHIVERY LOGISTICS/INV-10058
BNK-b4775b9c,2026-07-30,288570.48,UTR-MOCK-10137,NEFT/UTR-MOCK-10137/MSFT AZURE/INV-10137
BNK-5dc601af,2026-07-24,314097.04,UTR-MOCK-10202,NEFT/UTR-MOCK-10202/NOTION HQ/INV-10202
BNK-a1815b97,2026-08-07,226339.21,UTR-MOCK-10413,RTGS-OUT/UTR-MOCK-10413/SWIGGY B2B SERVICES
BNK-ace106cf,2026-08-15,73951.58,UTR-MOCK-10411,ACH-DR/UTR-MOCK-10411/GOOGLE WORKSPACE/BILL-10411
BNK-8bc3a161,2026-08-20,422923.53,UTR-MOCK-10299,NEFT/UTR-MOCK-10299/TATA COMM/INV-10299
BNK-effdc3dc,2026-08-09,76423.38,UTR-MOCK-10485,DIRECT-TRANSFER/MISC-EQUIPMENT-EXPENSE/UTR-MOCK-10485/UNRECORDED
BNK-2feea2a8,2026-08-12,398552.17,UTR-MOCK-10198,NEFT/UTR-MOCK-10198/TATA COMM/INV-10198
BNK-e606a0bb,2026-07-27,277778.09,UTR-MOCK-10261,NEFT/UTR-MOCK-10261/HUBSPOT MARKETING/INV-10261
BNK-aa476b2e,2026-08-19,107014.92,UTR-MOCK-10229,NEFT/UTR-MOCK-10229/AWS CLOUD/INV-10229
BNK-893a26f2,2026-08-15,270901.63,UTR-MOCK-10127,NEFT/UTR-MOCK-10127/AWS CLOUD/INV-10127
BNK-8490de88,2026-07-31,307329.63,UTR-MOCK-10150,NEFT/UTR-MOCK-10150/MSFT AZURE/INV-10150
BNK-281a2b3c,2026-07-30,197889.77,UTR-MOCK-10114,NEFT/UTR-MOCK-10114/SWIGGY B2B/INV-10114
BNK-1be11ca6,2026-08-16,-26283.42,UTR-MOCK-10478,REFUND/CR/UTR-MOCK-10478/ZOHO CORP/OVERPAYMENT REVERSAL
BNK-e429e71a,2026-08-02,109277.43,UTR-MOCK-10200,NEFT/UTR-MOCK-10200/ZOHO CORP/INV-10200
BNK-0e6e3069,2026-07-17,43172.42,UTR-MOCK-10405,RTGS-OUT/UTR-MOCK-10405/SWIGGY B2B SERVICES
BNK-21dc12e6,2026-07-29,1899,UTR-MOCK-10453,CHG/CURRENT ACCOUNT QUARTERLY LEDGER FOLIO CHG/REF-10453
BNK-5d830e08,2026-07-22,171525.14,UTR-MOCK-10028,NEFT/UTR-MOCK-10028/RAZORPAY/INV-10028
BNK-5cdba113,2026-08-05,77516.2,UTR-MOCK-10394,ACH-DR/UTR-MOCK-10394/KPMG AUDIT/BILL-10394
BNK-1170c893,2026-08-14,141902.31,UTR-MOCK-10380,UPI/CR/UTR-MOCK-10380/AMAZON WEB/PAYMENT
BNK-d565fd27,2026-08-16,24763.23,UTR-MOCK-10433,NEFT/UTR-MOCK-10433/STRIPE PAY/INV-10433
BNK-8adf5875,2026-08-18,143987.01,UTR-MOCK-10116,NEFT/UTR-MOCK-10116/GOOGLE WORKSPACE/INV-10116
BNK-4d585e09,2026-08-18,138858.06,UTR-MOCK-10094,NEFT/UTR-MOCK-10094/NOTION HQ/INV-10094
BNK-9091f849,2026-08-01,77784.81,UTR-MOCK-10009,NEFT/UTR-MOCK-10009/KPMG AUDIT/INV-10009
BNK-8d015ed8,2026-08-17,81791.31,UTR-MOCK-10270,NEFT/UTR-MOCK-10270/ATLASSIAN JIRA/INV-10270
BNK-76fab75d,2026-08-16,307720.73,UTR-MOCK-10302,NEFT/UTR-MOCK-10302/SLACK TECH/INV-10302
BNK-87932a49,2026-08-08,59890.23,UTR-MOCK-10409,RTGS-OUT/UTR-MOCK-10409/TATA COMM SERVICES
BNK-3b3e5990,2026-07-30,444049.26,UTR-MOCK-10067,NEFT/UTR-MOCK-10067/GITHUB INC/INV-10067
BNK-3e51cbfc,2026-07-29,108003.3,UTR-MOCK-10230,NEFT/UTR-MOCK-10230/ATLASSIAN JIRA/INV-10230
BNK-18fb96da,2026-08-01,82571.33,UTR-MOCK-10430,NEFT/UTR-MOCK-10430/RAZORPAY/INV-10430
BNK-90134110,2026-07-28,135189.79,UTR-MOCK-10384,UPI/CR/UTR-MOCK-10384/AMAZON WEB/PAYMENT
BNK-2e2f0cbc,2026-08-11,31872.89,UTR-MOCK-10139,NEFT/UTR-MOCK-10139/NOTION HQ/INV-10139
BNK-5d6e3538,2026-08-12,385452.77,UTR-MOCK-10030,NEFT/UTR-MOCK-10030/BHARTI AIRTEL/INV-10030
BNK-1bee8475,2026-08-03,277224.34,UTR-MOCK-10065,NEFT/UTR-MOCK-10065/GOOGLE WORKSPACE/INV-10065
BNK-b49b6caa,2026-08-08,13746.85,UTR-MOCK-10417,NEFT/UTR-MOCK-10417/MSFT AZURE/INV-10417
BNK-001dce10,2026-08-03,132812.99,UTR-MOCK-10241,NEFT/UTR-MOCK-10241/GOOGLE WORKSPACE/INV-10241
BNK-5c253826,2026-08-04,27380.44,UTR-MOCK-10050,NEFT/UTR-MOCK-10050/RAZORPAY/INV-10050
BNK-8c76a438,2026-07-30,68366.54,UTR-MOCK-10288,NEFT/UTR-MOCK-10288/PWC CONSULTING/INV-10288
BNK-eb14b8da,2026-08-13,12099.06,UTR-MOCK-10424-DUP,NEFT/UTR-MOCK-10424/ZOHO CORP/INV-10424 RE-POST
BNK-2293819a,2026-08-19,238161.38,UTR-MOCK-10282,NEFT/UTR-MOCK-10282/RAZORPAY/INV-10282
BNK-5d34724c,2026-08-14,173522.19,UTR-MOCK-10482,DIRECT-TRANSFER/MISC-EQUIPMENT-EXPENSE/UTR-MOCK-10482/UNRECORDED
BNK-30c7bc8b,2026-07-28,338118.55,UTR-MOCK-10237,NEFT/UTR-MOCK-10237/NOTION HQ/INV-10237
BNK-bbf46291,2026-08-19,90772.11,UTR-MOCK-10491,DIRECT-TRANSFER/MISC-EQUIPMENT-EXPENSE/UTR-MOCK-10491/UNRECORDED
BNK-5c6d1ea1,2026-08-13,-17640.31,UTR-MOCK-10473,REFUND/CR/UTR-MOCK-10473/GITHUB INC/OVERPAYMENT REVERSAL
BNK-7d935172,2026-07-22,66540.46,UTR-MOCK-10024,NEFT/UTR-MOCK-10024/SLACK TECH/INV-10024
BNK-e6f5622a,2026-08-08,206517.9,UTR-MOCK-10246,NEFT/UTR-MOCK-10246/SLACK TECH/INV-10246
BNK-4f7dc9ce,2026-08-05,214026.79,UTR-MOCK-10283,NEFT/UTR-MOCK-10283/SWIGGY B2B/INV-10283
BNK-1cae799c,2026-08-13,1121,UTR-MOCK-10448,CHG/CMS MONTHLY MAINTENANCE CHARGES/REF-10448
BNK-010472b8,2026-07-29,4327.72,UTR-MOCK-10450,CHG/CURRENT ACCOUNT QUARTERLY LEDGER FOLIO CHG/REF-10450
BNK-c6d336c9,2026-07-28,239723.05,UTR-MOCK-10224,NEFT/UTR-MOCK-10224/FRESHWORKS/INV-10224
BNK-07aa9f71,2026-07-27,420575.88,UTR-MOCK-10226,NEFT/UTR-MOCK-10226/STRIPE PAY/INV-10226
BNK-23af8d52,2026-08-16,22632.89,UTR-MOCK-10339,ACH-DR/UTR-MOCK-10339/RAZORPAY/BILL-10339
BNK-de42a7dc,2026-08-08,299544.38,UTR-MOCK-10078,NEFT/UTR-MOCK-10078/ATLASSIAN JIRA/INV-10078
BNK-eaf407c2,2026-08-17,409683.7,UTR-MOCK-10231,NEFT/UTR-MOCK-10231/SWIGGY B2B/INV-10231
BNK-32eb77da,2026-08-14,-6046.37,UTR-MOCK-10475,REFUND/CR/UTR-MOCK-10475/GITHUB INC/OVERPAYMENT REVERSAL
BNK-96f331ca,2026-08-20,173543.14,UTR-MOCK-10153,NEFT/UTR-MOCK-10153/AWS CLOUD/INV-10153
BNK-7da6dd2b,2026-08-06,210797.35,UTR-MOCK-10158,NEFT/UTR-MOCK-10158/UBER BIZ/INV-10158
BNK-ce02b1e0,2026-08-09,181707.87,UTR-MOCK-10406,RTGS-OUT/UTR-MOCK-10406/MSFT AZURE SERVICES
BNK-de9684f4,2026-08-10,-32994.83,UTR-MOCK-10477,REFUND/CR/UTR-MOCK-10477/BHARTI AIRTEL/OVERPAYMENT REVERSAL
BNK-9765a640,2026-08-12,71079.12,UTR-MOCK-10294,NEFT/UTR-MOCK-10294/GITHUB INC/INV-10294
BNK-3938be5e,2026-07-26,398180.73,UTR-MOCK-10272,NEFT/UTR-MOCK-10272/MSFT AZURE/INV-10272
BNK-5e2ffd6a,2026-08-07,-41252.16,UTR-MOCK-10479,REFUND/CR/UTR-MOCK-10479/PWC CONSULTING/OVERPAYMENT REVERSAL
BNK-ea1ffe22,2026-08-01,402758.53,UTR-MOCK-10205,NEFT/UTR-MOCK-10205/AWS CLOUD/INV-10205
BNK-55aff498,2026-08-20,387078.63,UTR-MOCK-10112,NEFT/UTR-MOCK-10112/NOTION HQ/INV-10112
BNK-843e71ac,2026-08-10,409435.29,UTR-MOCK-10250,NEFT/UTR-MOCK-10250/TATA COMM/INV-10250
BNK-239e1c19,2026-07-24,202071.61,UTR-MOCK-10271,NEFT/UTR-MOCK-10271/MSFT AZURE/INV-10271
BNK-a8bdf8fb,2026-08-20,84538.91,UTR-MOCK-10371,RTGS-OUT/UTR-MOCK-10371/AWS CLOUD SERVICES
BNK-95899636,2026-07-24,217791.67,UTR-MOCK-10375,UPI/CR/UTR-MOCK-10375/GITHUB ENT/PAYMENT
BNK-18d9cda9,2026-07-23,334106.41,UTR-MOCK-10305,NEFT/UTR-MOCK-10305/STRIPE PAY/INV-10305
BNK-6d6f27c3,2026-08-07,61732.76,UTR-MOCK-10245,NEFT/UTR-MOCK-10245/TATA COMM/INV-10245
BNK-5d24e917,2026-07-31,46522.06,UTR-MOCK-10236,NEFT/UTR-MOCK-10236/UBER BIZ/INV-10236
BNK-b9b6c9c6,2026-08-08,160456.79,UTR-MOCK-10346,RTGS-OUT/UTR-MOCK-10346/GOOGLE WORKSPACE SERVICES
BNK-3a3b7890,2026-08-07,52460.93,UTR-MOCK-10486,DIRECT-TRANSFER/MISC-EQUIPMENT-EXPENSE/UTR-MOCK-10486/UNRECORDED
BNK-fd036def,2026-08-18,259259.62,UTR-MOCK-10117,NEFT/UTR-MOCK-10117/UBER BIZ/INV-10117
BNK-297aba6d,2026-08-06,149862.82,UTR-MOCK-10275,NEFT/UTR-MOCK-10275/UBER BIZ/INV-10275
BNK-fef528c4,2026-08-20,418639.09,UTR-MOCK-10076,NEFT/UTR-MOCK-10076/TATA COMM/INV-10076
BNK-5db57838,2026-08-16,315316.84,UTR-MOCK-10084,NEFT/UTR-MOCK-10084/ATLASSIAN JIRA/INV-10084
BNK-e8a79ab0,2026-08-16,320806.32,UTR-MOCK-10180,NEFT/UTR-MOCK-10180/PWC CONSULTING/INV-10180
BNK-83771808,2026-07-29,288.72,UTR-MOCK-10457,CHG/BULK RTGS PROCESSING CHARGE/REF-10457
BNK-81599336,2026-08-13,66135.04,UTR-MOCK-10440-DUP,NEFT/UTR-MOCK-10440/TATA COMM/INV-10440 RE-POST
BNK-cd413bbf,2026-08-19,222791.54,UTR-MOCK-10073,NEFT/UTR-MOCK-10073/PWC CONSULTING/INV-10073
BNK-9ebdc047,2026-08-06,157900.72,UTR-MOCK-10290,NEFT/UTR-MOCK-10290/AWS CLOUD/INV-10290
BNK-40a85edd,2026-08-04,145930.64,UTR-MOCK-10100,NEFT/UTR-MOCK-10100/NOTION HQ/INV-10100
BNK-8b800df6,2026-08-02,236397.47,UTR-MOCK-10039,NEFT/UTR-MOCK-10039/UBER BIZ/INV-10039
BNK-86f2eefe,2026-07-31,336891.99,UTR-MOCK-10265,NEFT/UTR-MOCK-10265/HUBSPOT MARKETING/INV-10265
BNK-d7d45453,2026-08-06,745,UTR-MOCK-10463,CHG/IMPS OUTWARD TXN CONVENIENCE FEE + GST/REF-10463
BNK-c985b465,2026-07-20,92803.46,UTR-MOCK-10369,UPI/CR/UTR-MOCK-10369/RAZORPAY S/PAYMENT
BNK-0f26ca67,2026-07-28,21974.97,UTR-MOCK-10170,NEFT/UTR-MOCK-10170/ZOHO CORP/INV-10170
BNK-a7be18e0,2026-08-22,140608.79,UTR-MOCK-10399,UPI/CR/UTR-MOCK-10399/AMAZON WEB/PAYMENT
BNK-4f1d0278,2026-08-01,220703.86,UTR-MOCK-10040,NEFT/UTR-MOCK-10040/SLACK TECH/INV-10040
BNK-8c2d7578,2026-08-04,281685.87,UTR-MOCK-10191,NEFT/UTR-MOCK-10191/HUBSPOT MARKETING/INV-10191
BNK-61093fa0,2026-08-05,47096.91,UTR-MOCK-10167,NEFT/UTR-MOCK-10167/GOOGLE WORKSPACE/INV-10167
BNK-e29942c2,2026-08-03,374762.91,UTR-MOCK-10123,NEFT/UTR-MOCK-10123/DELHIVERY LOGISTICS/INV-10123
BNK-0c5e86ae,2026-08-09,410217.71,UTR-MOCK-10218,NEFT/UTR-MOCK-10218/STRIPE PAY/INV-10218
BNK-16e77247,2026-08-17,101198.79,UTR-MOCK-10060,NEFT/UTR-MOCK-10060/STRIPE PAY/INV-10060
BNK-9a99aacb,2026-08-08,62310.35,UTR-MOCK-10499,DIRECT-TRANSFER/MISC-EQUIPMENT-EXPENSE/UTR-MOCK-10499/UNRECORDED
BNK-8237c23c,2026-07-25,350967.98,UTR-MOCK-10092,NEFT/UTR-MOCK-10092/DELHIVERY LOGISTICS/INV-10092
BNK-afffe2fa,2026-07-26,317962.94,UTR-MOCK-10177,NEFT/UTR-MOCK-10177/AWS CLOUD/INV-10177
BNK-5bf075d6,2026-07-28,123548.46,UTR-MOCK-10232,NEFT/UTR-MOCK-10232/ATLASSIAN JIRA/INV-10232
BNK-a081d10f,2026-08-20,215949.28,UTR-MOCK-10239,NEFT/UTR-MOCK-10239/FRESHWORKS/INV-10239
BNK-3fad2e69,2026-08-18,186769.3,UTR-MOCK-10306,NEFT/UTR-MOCK-10306/MSFT AZURE/INV-10306
BNK-4e228f0a,2026-08-13,143206.77,UTR-MOCK-10308,NEFT/UTR-MOCK-10308/BHARTI AIRTEL/INV-10308
BNK-afb5beba,2026-07-28,298704.55,UTR-MOCK-10190,NEFT/UTR-MOCK-10190/TATA COMM/INV-10190
BNK-200f2005,2026-08-15,371789.26,UTR-MOCK-10289,NEFT/UTR-MOCK-10289/STRIPE PAY/INV-10289
BNK-308c7a8b,2026-08-08,2371.72,UTR-MOCK-10465,CHG/CURRENT ACCOUNT QUARTERLY LEDGER FOLIO CHG/REF-10465
BNK-e4f8ca25,2026-08-01,266938.12,UTR-MOCK-10291,NEFT/UTR-MOCK-10291/TATA COMM/INV-10291
BNK-4d7a17e4,2026-08-17,416841.59,UTR-MOCK-10088,NEFT/UTR-MOCK-10088/RAZORPAY/INV-10088
BNK-f6de73a3,2026-08-03,320878.22,UTR-MOCK-10222,NEFT/UTR-MOCK-10222/ATLASSIAN JIRA/INV-10222
BNK-350e24fd,2026-08-01,98094.2,UTR-MOCK-10317,NEFT/UTR-MOCK-10317/UBER BIZ/INV-10317
BNK-0d06bbcf,2026-07-24,278299.11,UTR-MOCK-10286,NEFT/UTR-MOCK-10286/SWIGGY B2B/INV-10286
BNK-26f0f969,2026-07-31,90004.07,UTR-MOCK-10340,UPI/CR/UTR-MOCK-10340/NOTION LAB/PAYMENT
BNK-7cf64aae,2026-08-14,3718,UTR-MOCK-10461,CHG/CORPORATE NETBANKING TOKEN RENEWAL CHARGE/REF-10461
BNK-00332d8a,2026-08-03,219156.46,UTR-MOCK-10109,NEFT/UTR-MOCK-10109/WEWORK COWORKING/INV-10109
BNK-896042fb,2026-08-06,201845.43,UTR-MOCK-10135,NEFT/UTR-MOCK-10135/KPMG AUDIT/INV-10135
BNK-5371b5ca,2026-08-10,157498.03,UTR-MOCK-10055,NEFT/UTR-MOCK-10055/FRESHWORKS/INV-10055
BNK-ad4aeba9,2026-08-09,32452.61,UTR-MOCK-10497,DIRECT-TRANSFER/MISC-EQUIPMENT-EXPENSE/UTR-MOCK-10497/UNRECORDED
BNK-ad36acf6,2026-08-17,428709.36,UTR-MOCK-10118,NEFT/UTR-MOCK-10118/UBER BIZ/INV-10118
BNK-bb242329,2026-08-10,383555.43,UTR-MOCK-10107,NEFT/UTR-MOCK-10107/AWS CLOUD/INV-10107
BNK-12f313db,2026-08-05,435532.17,UTR-MOCK-10249,NEFT/UTR-MOCK-10249/PWC CONSULTING/INV-10249
BNK-7a62c9fd,2026-08-15,424166.05,UTR-MOCK-10227,NEFT/UTR-MOCK-10227/NOTION HQ/INV-10227
BNK-69805a32,2026-08-09,276431.11,UTR-MOCK-10256,NEFT/UTR-MOCK-10256/WEWORK COWORKING/INV-10256
BNK-a9b2c28b,2026-08-13,66291.38,UTR-MOCK-10096,NEFT/UTR-MOCK-10096/GITHUB INC/INV-10096
BNK-0edbc748,2026-08-06,72313.12,UTR-MOCK-10385,IMPS/P2A/UTR-MOCK-10385/NOTION/SETTLEMENT
BNK-5a7cd48c,2026-08-19,87843.15,UTR-MOCK-10348,ACH-DR/UTR-MOCK-10348/TATA COMM/BILL-10348
BNK-71064130,2026-08-04,90100.14,UTR-MOCK-10372,RTGS-OUT/UTR-MOCK-10372/SWIGGY B2B SERVICES
BNK-ce87cb8a,2026-08-10,433042.83,UTR-MOCK-10026,NEFT/UTR-MOCK-10026/STRIPE PAY/INV-10026
BNK-cd41f057,2026-07-31,765,UTR-MOCK-10444,CHG/BANK GUARANTEE SERVICING FEE/REF-10444
BNK-70618a40,2026-07-25,75506.66,UTR-MOCK-10056,NEFT/UTR-MOCK-10056/KPMG AUDIT/INV-10056
BNK-4562116d,2026-08-13,68956.7,UTR-MOCK-10168,NEFT/UTR-MOCK-10168/SLACK TECH/INV-10168
BNK-9472431d,2026-07-25,134167.77,UTR-MOCK-10149,NEFT/UTR-MOCK-10149/WEWORK COWORKING/INV-10149
BNK-e7d01c21,2026-08-08,57554.79,UTR-MOCK-10434-DUP,NEFT/UTR-MOCK-10434/GOOGLE WORKSPACE/INV-10434 RE-POST
BNK-2a1bacc3,2026-08-11,58866.89,UTR-MOCK-10378,IMPS/P2A/UTR-MOCK-10378/NOTION/SETTLEMENT
BNK-e6bc52da,2026-07-23,40983.6,UTR-MOCK-10095,NEFT/UTR-MOCK-10095/ZOHO CORP/INV-10095
BNK-c66882c3,2026-08-15,140528.97,UTR-MOCK-10484,DIRECT-TRANSFER/MISC-EQUIPMENT-EXPENSE/UTR-MOCK-10484/UNRECORDED
BNK-8197548a,2026-08-10,419242.18,UTR-MOCK-10132,NEFT/UTR-MOCK-10132/SWIGGY B2B/INV-10132
BNK-928856df,2026-07-24,31907.6,UTR-MOCK-10309,NEFT/UTR-MOCK-10309/MSFT AZURE/INV-10309
BNK-67e60663,2026-08-15,188574.77,UTR-MOCK-10374,RTGS-OUT/UTR-MOCK-10374/STRIPE PAY SERVICES
BNK-7a50e772,2026-08-17,209401.55,UTR-MOCK-10389,UPI/CR/UTR-MOCK-10389/HUBSPOT IR/PAYMENT
BNK-1ced74d4,2026-07-30,112372.11,UTR-MOCK-10211,NEFT/UTR-MOCK-10211/GOOGLE WORKSPACE/INV-10211
BNK-5bbfd77f,2026-08-17,224886.74,UTR-MOCK-10110,NEFT/UTR-MOCK-10110/DELHIVERY LOGISTICS/INV-10110
BNK-8f6d529d,2026-08-03,74191.46,UTR-MOCK-10435-DUP,NEFT/UTR-MOCK-10435/GOOGLE WORKSPACE/INV-10435 RE-POST
BNK-b920f212,2026-07-22,120948.22,UTR-MOCK-10333,UPI/CR/UTR-MOCK-10333/UBER FOR B/PAYMENT
BNK-56f2c10b,2026-08-13,55620.57,UTR-MOCK-10037,NEFT/UTR-MOCK-10037/UBER BIZ/INV-10037
BNK-f1326fe5,2026-08-07,-18392.73,UTR-MOCK-10467,REFUND/CR/UTR-MOCK-10467/ZOHO CORP/OVERPAYMENT REVERSAL
BNK-42a472e2,2026-08-01,265582.08,UTR-MOCK-10255,NEFT/UTR-MOCK-10255/GITHUB INC/INV-10255
BNK-3e3c963e,2026-08-09,325161.52,UTR-MOCK-10174,NEFT/UTR-MOCK-10174/ZOHO CORP/INV-10174
BNK-581b2965,2026-08-08,236789.16,UTR-MOCK-10093,NEFT/UTR-MOCK-10093/NOTION HQ/INV-10093
BNK-d6003eb5,2026-08-18,77675.52,UTR-MOCK-10398,UPI/CR/UTR-MOCK-10398/ZOHO CORPO/PAYMENT
BNK-e8b47fcd,2026-08-16,36531.74,UTR-MOCK-10419,NEFT/UTR-MOCK-10419/SLACK TECH/INV-10419
BNK-19015903,2026-07-23,217182.38,UTR-MOCK-10173,NEFT/UTR-MOCK-10173/MSFT AZURE/INV-10173
BNK-f992ec2c,2026-07-27,64308.37,UTR-MOCK-10220,NEFT/UTR-MOCK-10220/NOTION HQ/INV-10220
BNK-f3f00177,2026-08-06,79919.96,UTR-MOCK-10196,NEFT/UTR-MOCK-10196/KPMG AUDIT/INV-10196
BNK-9bb2d97f,2026-08-16,113492.66,UTR-MOCK-10490,DIRECT-TRANSFER/MISC-EQUIPMENT-EXPENSE/UTR-MOCK-10490/UNRECORDED
BNK-1ac7317f,2026-08-10,-22086.3,UTR-MOCK-10470,REFUND/CR/UTR-MOCK-10470/MSFT AZURE/OVERPAYMENT REVERSAL
BNK-60cdbee0,2026-08-16,226145.89,UTR-MOCK-10336,RTGS-OUT/UTR-MOCK-10336/SLACK TECH SERVICES
BNK-fc94da4c,2026-07-28,81150.83,UTR-MOCK-10253,NEFT/UTR-MOCK-10253/GOOGLE WORKSPACE/INV-10253
BNK-4f911d53,2026-08-01,11675.54,UTR-MOCK-10206,NEFT/UTR-MOCK-10206/ATLASSIAN JIRA/INV-10206
BNK-2ca1ed77,2026-08-11,351047.65,UTR-MOCK-10041,NEFT/UTR-MOCK-10041/AWS CLOUD/INV-10041
BNK-c282e0dd,2026-08-14,276264.87,UTR-MOCK-10098,NEFT/UTR-MOCK-10098/TATA COMM/INV-10098
BNK-fd074498,2026-08-06,253570.79,UTR-MOCK-10243,NEFT/UTR-MOCK-10243/FRESHWORKS/INV-10243
BNK-ed856f0e,2026-08-02,45196.54,UTR-MOCK-10057,NEFT/UTR-MOCK-10057/BHARTI AIRTEL/INV-10057
BNK-0ded1c50,2026-07-22,33575.29,UTR-MOCK-10365,IMPS/P2A/UTR-MOCK-10365/RAZORP/SETTLEMENT
BNK-dcd0473d,2026-07-29,372854.95,UTR-MOCK-10235,NEFT/UTR-MOCK-10235/FRESHWORKS/INV-10235
BNK-ed5383c1,2026-08-09,197099.29,UTR-MOCK-10044,NEFT/UTR-MOCK-10044/FRESHWORKS/INV-10044
BNK-63449ca1,2026-08-10,170827.53,UTR-MOCK-10488,DIRECT-TRANSFER/MISC-EQUIPMENT-EXPENSE/UTR-MOCK-10488/UNRECORDED
BNK-30343adf,2026-08-13,40179.91,UTR-MOCK-10496,DIRECT-TRANSFER/MISC-EQUIPMENT-EXPENSE/UTR-MOCK-10496/UNRECORDED
BNK-dd6835b1,2026-08-07,159450.56,UTR-MOCK-10492,DIRECT-TRANSFER/MISC-EQUIPMENT-EXPENSE/UTR-MOCK-10492/UNRECORDED
BNK-1a8cbde6,2026-08-07,56553.54,UTR-MOCK-10311,NEFT/UTR-MOCK-10311/TATA COMM/INV-10311
BNK-9a751411,2026-08-07,84633.04,UTR-MOCK-10494,DIRECT-TRANSFER/MISC-EQUIPMENT-EXPENSE/UTR-MOCK-10494/UNRECORDED
BNK-9794a1fb,2026-08-02,1820,UTR-MOCK-10459,CHG/CORPORATE NETBANKING TOKEN RENEWAL CHARGE/REF-10459
BNK-1568cb38,2026-08-19,253989.47,UTR-MOCK-10242,NEFT/UTR-MOCK-10242/NOTION HQ/INV-10242
BNK-586fb1f1,2026-07-23,302152.49,UTR-MOCK-10165,NEFT/UTR-MOCK-10165/ZOHO CORP/INV-10165
BNK-919c51b0,2026-07-26,27504.98,UTR-MOCK-10154,NEFT/UTR-MOCK-10154/ATLASSIAN JIRA/INV-10154
BNK-c71b5078,2026-08-10,215886.54,UTR-MOCK-10310,NEFT/UTR-MOCK-10310/FRESHWORKS/INV-10310
BNK-96a1ce64,2026-08-07,339344.28,UTR-MOCK-10238,NEFT/UTR-MOCK-10238/STRIPE PAY/INV-10238
BNK-623e74be,2026-08-06,146639.77,UTR-MOCK-10043,NEFT/UTR-MOCK-10043/ATLASSIAN JIRA/INV-10043
BNK-5fcee7fe,2026-08-17,246569.16,UTR-MOCK-10045,NEFT/UTR-MOCK-10045/KPMG AUDIT/INV-10045
BNK-09797a04,2026-08-04,54984.96,UTR-MOCK-10391,RTGS-OUT/UTR-MOCK-10391/SLACK TECH SERVICES
BNK-ecb3e44d,2026-08-01,433276.65,UTR-MOCK-10063,NEFT/UTR-MOCK-10063/BHARTI AIRTEL/INV-10063
BNK-9a86b367,2026-08-12,23711.04,UTR-MOCK-10145,NEFT/UTR-MOCK-10145/FRESHWORKS/INV-10145
BNK-dc60f74e,2026-08-19,362496.77,UTR-MOCK-10143,NEFT/UTR-MOCK-10143/SWIGGY B2B/INV-10143
BNK-b3b258b3,2026-08-08,57510.31,UTR-MOCK-10064,NEFT/UTR-MOCK-10064/RAZORPAY/INV-10064
BNK-3e92f825,2026-07-18,57496.17,UTR-MOCK-10329,RTGS-OUT/UTR-MOCK-10329/ATLASSIAN JIRA SERVICES
BNK-c5d7af20,2026-08-13,156522.95,UTR-MOCK-10260,NEFT/UTR-MOCK-10260/GITHUB INC/INV-10260
BNK-19ae0d80,2026-08-03,224359.91,UTR-MOCK-10156,NEFT/UTR-MOCK-10156/AWS CLOUD/INV-10156
BNK-41aa5d82,2026-07-17,185109.38,UTR-MOCK-10397,IMPS/P2A/UTR-MOCK-10397/HUBSPO/SETTLEMENT
BNK-e60955e1,2026-07-16,10028.22,UTR-MOCK-10407,UPI/CR/UTR-MOCK-10407/HUBSPOT IR/PAYMENT
BNK-90b56f48,2026-08-11,67046.18,UTR-MOCK-10421-DUP,NEFT/UTR-MOCK-10421/KPMG AUDIT/INV-10421 RE-POST
BNK-4b132280,2026-08-12,309026.69,UTR-MOCK-10138,NEFT/UTR-MOCK-10138/ATLASSIAN JIRA/INV-10138
BNK-e81ea3ce,2026-08-05,148750.22,UTR-MOCK-10334,UPI/CR/UTR-MOCK-10334/SLACK TECH/PAYMENT
BNK-16eabc32,2026-08-04,301126.66,UTR-MOCK-10322,NEFT/UTR-MOCK-10322/WEWORK COWORKING/INV-10322
BNK-a4fb90d5,2026-08-13,60565.9,UTR-MOCK-10144,NEFT/UTR-MOCK-10144/BHARTI AIRTEL/INV-10144
BNK-8e3906a9,2026-08-15,408042.8,UTR-MOCK-10314,NEFT/UTR-MOCK-10314/WEWORK COWORKING/INV-10314
BNK-b91f2b56,2026-08-17,186970.24,UTR-MOCK-10146,NEFT/UTR-MOCK-10146/NOTION HQ/INV-10146
BNK-e8e6bfe1,2026-08-06,353118.67,UTR-MOCK-10162,NEFT/UTR-MOCK-10162/STRIPE PAY/INV-10162
BNK-2a576f83,2026-08-11,420502.75,UTR-MOCK-10313,NEFT/UTR-MOCK-10313/KPMG AUDIT/INV-10313
BNK-0e94cf18,2026-07-28,144732.74,UTR-MOCK-10031,NEFT/UTR-MOCK-10031/PWC CONSULTING/INV-10031
BNK-2e4a5dce,2026-07-22,207471.86,UTR-MOCK-10366,RTGS-OUT/UTR-MOCK-10366/ZOHO CORP SERVICES
BNK-bf4864bf,2026-07-22,212242.95,UTR-MOCK-10326,RTGS-OUT/UTR-MOCK-10326/AWS CLOUD SERVICES
BNK-029c87f2,2026-08-05,295262.31,UTR-MOCK-10323,NEFT/UTR-MOCK-10323/DELHIVERY LOGISTICS/INV-10323
BNK-d61417c3,2026-08-04,393036.31,UTR-MOCK-10324,NEFT/UTR-MOCK-10324/SWIGGY B2B/INV-10324
BNK-97fa1cd0,2026-07-28,256919.19,UTR-MOCK-10325,NEFT/UTR-MOCK-10325/HUBSPOT MARKETING/INV-10325
BNK-8cce9a2f,2026-07-29,61206.76,UTR-MOCK-10321,NEFT/UTR-MOCK-10321/BHARTI AIRTEL/INV-10321
BNK-40a29e97,2026-07-30,179434.58,UTR-MOCK-10392,RTGS-OUT/UTR-MOCK-10392/DELHIVERY LOGISTICS SERVICES
BNK-376948cb,2026-08-03,9743.37,UTR-MOCK-10360,ACH-DR/UTR-MOCK-10360/ZOHO CORP/BILL-10360
BNK-70e7feb7,2026-08-07,277126.65,UTR-MOCK-10318,NEFT/UTR-MOCK-10318/AWS CLOUD/INV-10318
BNK-30e4b846,2026-07-16,152338.93,UTR-MOCK-10393,IMPS/P2A/UTR-MOCK-10393/AWS CL/SETTLEMENT
BNK-bbec5553,2026-08-14,181050.7,UTR-MOCK-10341,IMPS/P2A/UTR-MOCK-10341/PWC CO/SETTLEMENT
BNK-4fdfb3d0,2026-08-01,167383.3,UTR-MOCK-10353,IMPS/P2A/UTR-MOCK-10353/WEWORK/SETTLEMENT
BNK-94ef50d8,2026-07-22,214339.43,UTR-MOCK-10351,RTGS-OUT/UTR-MOCK-10351/RAZORPAY SERVICES
BNK-3375d60e,2026-07-25,77588.76,UTR-MOCK-10363,UPI/CR/UTR-MOCK-10363/GITHUB ENT/PAYMENT
BNK-50ed6f60,2026-07-19,26494.64,UTR-MOCK-10373,ACH-DR/UTR-MOCK-10373/GOOGLE WORKSPACE/BILL-10373
BNK-ae6a1b55,2026-08-10,418989.68,UTR-MOCK-10160,NEFT/UTR-MOCK-10160/SLACK TECH/INV-10160
BNK-9fd27313,2026-08-07,167817.37,UTR-MOCK-10279,NEFT/UTR-MOCK-10279/KPMG AUDIT/INV-10279