run_id,id,order_id,invoice_ref,date,amount,payee,status
RUN-SEED-mt4l32y2,LED-order_MOCK_10001,order_MOCK_10001,order_MOCK_10001,2026-08-01T09:00:00.000Z,30932,Kaveri Consumer Goods,pending
RUN-SEED-mt4l32y2,LED-order_MOCK_10002,order_MOCK_10002,order_MOCK_10002,2026-08-01T09:00:00.000Z,28888,Titan Global Corp,pending
RUN-SEED-mt4l32y2,LED-order_MOCK_10003,order_MOCK_10003,order_MOCK_10003,2026-08-01T09:00:00.000Z,3933,Vanguard Healthcare Systems,pending
RUN-SEED-mt4l32y2,LED-order_MOCK_10004,order_MOCK_10004,order_MOCK_10004,2026-08-01T09:00:00.000Z,17587,Titan Global Corp,pending
RUN-SEED-mt4l32y2,LED-order_MOCK_10005,order_MOCK_10005,order_MOCK_10005,2026-08-01T09:00:00.000Z,34387,BlueHorizon Aerospace,pending
RUN-SEED-mt4l32y2,LED-order_MOCK_10006,order_MOCK_10006,order_MOCK_10006,2026-08-01T09:00:00.000Z,21647,Acme Tech India Pvt Ltd,pending
RUN-SEED-mt4l32y2,LED-order_MOCK_10007,order_MOCK_10007,order_MOCK_10007,2026-08-01T09:00:00.000Z,17977,Indus Digital Media,pending
RUN-SEED-mt4l32y2,LED-order_MOCK_10008,order_MOCK_10008,order_MOCK_10008,2026-08-01T09:00:00.000Z,29977,Nexus Logistics LLP,pending
RUN-SEED-mt4l32y2,LED-order_MOCK_10009,order_MOCK_10009,order_MOCK_10009,2026-08-01T09:00:00.000Z,24937,Nexus Logistics LLP,pending
RUN-SEED-mt4l32y2,LED-order_MOCK_10010,order_MOCK_10010,order_MOCK_10010,2026-08-01T09:00:00.000Z,20089,UrbanCraft Furniture,pending
RUN-SEED-mt4l32y2,LED-order_MOCK_10011,order_MOCK_10011,order_MOCK_10011,2026-08-01T09:00:00.000Z,18415,Hyperion Financial Advisors,pending
RUN-SEED-mt4l32y2,LED-order_MOCK_10012,order_MOCK_10012,order_MOCK_10012,2026-08-01T09:00:00.000Z,1748,Solaria Renewable Energy,pending
RUN-SEED-mt4l32y2,LED-order_MOCK_10013,order_MOCK_10013,order_MOCK_10013,2026-08-01T09:00:00.000Z,20513,Spectra Biotech Labs,pending
RUN-SEED-mt4l32y2,LED-order_MOCK_10014,order_MOCK_10014,order_MOCK_10014,2026-08-01T09:00:00.000Z,28065,Indus Digital Media,pending
RUN-SEED-mt4l32y2,LED-order_MOCK_10015,order_MOCK_10015,order_MOCK_10015,2026-08-01T09:00:00.000Z,21281,Apex Retail Enterprises,pending
RUN-SEED-mt4l32y2,LED-order_MOCK_10017,order_MOCK_10017,order_MOCK_10017,2026-08-01T09:00:00.000Z,32926,Vanguard Healthcare Systems,pending
RUN-SEED-mt4l32y2,LED-order_MOCK_10018,order_MOCK_10018,order_MOCK_10018,2026-08-01T09:00:00.000Z,30713,Crestview Automotive Spares,pending
RUN-SEED-mt4l32y2,LED-order_MOCK_10019,order_MOCK_10019,order_MOCK_10019,2026-08-01T09:00:00.000Z,12824,Starlight Media Works,pending
RUN-SEED-mt4l32y2,LED-order_MOCK_10020,order_MOCK_10020,order_MOCK_10020,2026-08-01T09:00:00.000Z,21042,Crestview Automotive Spares,pending
RUN-SEED-mt4l32y2,LED-order_MOCK_10021,order_MOCK_10021,order_MOCK_10021,2026-08-01T09:00:00.000Z,29909,Titan Global Corp,pending
RUN-SEED-mt4l32y2,LED-order_MOCK_10023,order_MOCK_10023,order_MOCK_10023,2026-08-01T09:00:00.000Z,20020,Hyperion Financial Advisors,pending
RUN-SEED-mt4l32y2,LED-order_MOCK_10024,order_MOCK_10024,order_MOCK_10024,2026-08-01T09:00:00.000Z,20046,UrbanCraft Furniture,pending
RUN-SEED-mt4l32y2,LED-order_MOCK_10025,order_MOCK_10025,order_MOCK_10025,2026-08-01T09:00:00.000Z,23388,Starlight Media Works,pending
RUN-SEED-mt4l32y2,LED-order_MOCK_10026,order_MOCK_10026,order_MOCK_10026,2026-08-01T09:00:00.000Z,10755,Titan Global Corp,pending
RUN-SEED-mt4l32y2,LED-order_MOCK_10027,order_MOCK_10027,order_MOCK_10027,2026-08-01T09:00:00.000Z,-24530,Starlight Media Works,pending
RUN-SEED-mt4l32y2,LED-order_MOCK_10028,order_MOCK_10028,order_MOCK_10028,2026-08-01T09:00:00.000Z,9719,InfraPulse Networks,pending
RUN-SEED-mt4l32y2,LED-order_MOCK_10029,order_MOCK_10029,order_MOCK_10029,2026-08-01T09:00:00.000Z,21222,Orion Consulting Partners,pending
RUN-SEED-mt4l32y2,LED-order_MOCK_10030,order_MOCK_10030,order_MOCK_10030,2026-08-01T09:00:00.000Z,7111,Acme Tech India Pvt Ltd,pending
RUN-SEED-mt4l32y2,LED-order_MOCK_10031,order_MOCK_10031,order_MOCK_10031,2026-08-01T09:00:00.000Z,1847,Indus Digital Media,pending
RUN-SEED-mt4l32y2,LED-order_MOCK_10032,order_MOCK_10032,order_MOCK_10032,2026-08-01T09:00:00.000Z,26132,Apex Retail Enterprises,pending
RUN-SEED-mt4l32y2,LED-order_MOCK_10033,order_MOCK_10033,order_MOCK_10033,2026-08-03T09:00:00.000Z,18810,Hyperion Financial Advisors,pending
RUN-SEED-mt4l32y2,LED-order_MOCK_10035,order_MOCK_10035,order_MOCK_10035,2026-08-03T09:00:00.000Z,37936,Spectra Biotech Labs,pending
RUN-SEED-mt4l32y2,LED-order_MOCK_10036,order_MOCK_10036,order_MOCK_10036,2026-08-03T09:00:00.000Z,19041,Indus Digital Media,pending
RUN-SEED-mt4l32y2,LED-order_MOCK_10037,order_MOCK_10037,order_MOCK_10037,2026-08-03T09:00:00.000Z,20578,UrbanCraft Furniture,pending
RUN-SEED-mt4l32y2,LED-order_MOCK_10038,order_MOCK_10038,order_MOCK_10038,2026-08-03T09:00:00.000Z,6636,Crestview Automotive Spares,pending
RUN-SEED-mt4l32y2,LED-order_MOCK_10039,order_MOCK_10039,order_MOCK_10039,2026-08-03T09:00:00.000Z,2906,MetroMart Groceries,pending
RUN-SEED-mt4l32y2,LED-order_MOCK_10040,order_MOCK_10040,order_MOCK_10040,2026-08-03T09:00:00.000Z,3283,Starlight Media Works,pending
RUN-SEED-mt4l32y2,LED-order_MOCK_10041,order_MOCK_10041,order_MOCK_10041,2026-08-03T09:00:00.000Z,9360,Solaria Renewable Energy,pending
RUN-SEED-mt4l32y2,LED-order_MOCK_10042,order_MOCK_10042,order_MOCK_10042,2026-08-03T09:00:00.000Z,29613,Apex Retail Enterprises,pending
RUN-SEED-mt4l32y2,LED-order_MOCK_10043,order_MOCK_10043,order_MOCK_10043,2026-08-03T09:00:00.000Z,13662,Solaria Renewable Energy,pending
RUN-SEED-mt4l32y2,LED-order_MOCK_10045,order_MOCK_10045,order_MOCK_10045,2026-08-03T09:00:00.000Z,16476,Acme Tech India Pvt Ltd,pending
RUN-SEED-mt4l32y2,LED-order_MOCK_10046,order_MOCK_10046,order_MOCK_10046,2026-08-03T09:00:00.000Z,32894,Crestview Automotive Spares,pending
RUN-SEED-mt4l32y2,LED-order_MOCK_10047,order_MOCK_10047,order_MOCK_10047,2026-08-03T09:00:00.000Z,36265,Vanguard Healthcare Systems,pending
RUN-SEED-mt4l32y2,LED-order_MOCK_10048,order_MOCK_10048,order_MOCK_10048,2026-08-03T09:00:00.000Z,30928,InfraPulse Networks,pending
RUN-SEED-mt4l32y2,LED-order_MOCK_10049,order_MOCK_10049,order_MOCK_10049,2026-08-03T09:00:00.000Z,29965,Zephyr Apparel Retail,pending
RUN-SEED-mt4l32y2,LED-order_MOCK_10050,order_MOCK_10050,order_MOCK_10050,2026-08-03T09:00:00.000Z,14042,Starlight Media Works,pending
RUN-SEED-mt4l32y2,LED-order_MOCK_10051,order_MOCK_10051,order_MOCK_10051,2026-08-03T09:00:00.000Z,4102,Zephyr Apparel Retail,pending
RUN-SEED-mt4l32y2,LED-order_MOCK_10052,order_MOCK_10052,order_MOCK_10052,2026-08-03T09:00:00.000Z,35961,Solaria Renewable Energy,pending
RUN-SEED-mt4l32y2,LED-order_MOCK_10053,order_MOCK_10053,order_MOCK_10053,2026-08-03T09:00:00.000Z,28506,Spectra Biotech Labs,pending
RUN-SEED-mt4l32y2,LED-order_MOCK_10054,order_MOCK_10054,order_MOCK_10054,2026-08-03T09:00:00.000Z,15130,Orion Consulting Partners,pending
RUN-SEED-mt4l32y2,LED-order_MOCK_10055,order_MOCK_10055,order_MOCK_10055,2026-08-03T09:00:00.000Z,20962,Apex Retail Enterprises,pending
RUN-SEED-mt4l32y2,LED-order_MOCK_10056,order_MOCK_10056,order_MOCK_10056,2026-08-03T09:00:00.000Z,23674,Paramount Engineering Works,pending
RUN-SEED-mt4l32y2,LED-order_MOCK_10057,order_MOCK_10057,order_MOCK_10057,2026-08-03T09:00:00.000Z,3591,Zenith Cloud Solutions,pending
RUN-SEED-mt4l32y2,LED-order_MOCK_10058,order_MOCK_10058,order_MOCK_10058,2026-08-03T09:00:00.000Z,4191,Titan Global Corp,pending
RUN-SEED-mt4l32y2,LED-order_MOCK_10059,order_MOCK_10059,order_MOCK_10059,2026-08-03T09:00:00.000Z,26288,Zephyr Apparel Retail,pending
RUN-SEED-mt4l32y2,LED-order_MOCK_10060,order_MOCK_10060,order_MOCK_10060,2026-08-03T09:00:00.000Z,-23719,Titan Global Corp,pending
RUN-SEED-mt4l32y2,LED-order_MOCK_10061,order_MOCK_10061,order_MOCK_10061,2026-08-03T09:00:00.000Z,33014,UrbanCraft Furniture,pending
RUN-SEED-mt4l32y2,LED-order_MOCK_10062,order_MOCK_10062,order_MOCK_10062,2026-08-03T09:00:00.000Z,30457,Zenith Cloud Solutions,pending
RUN-SEED-mt4l32y2,LED-order_MOCK_10063,order_MOCK_10063,order_MOCK_10063,2026-08-03T09:00:00.000Z,20568,Indus Digital Media,pending
RUN-SEED-mt4l32y2,LED-order_MOCK_10064,order_MOCK_10064,order_MOCK_10064,2026-08-03T09:00:00.000Z,34423,Kaveri Consumer Goods,pending
RUN-SEED-mt4l32y2,LED-order_MOCK_10065,order_MOCK_10065,order_MOCK_10065,2026-08-03T09:00:00.000Z,14523,Kaveri Consumer Goods,pending
RUN-SEED-mt4l32y2,LED-order_MOCK_10066,order_MOCK_10066,order_MOCK_10066,2026-08-03T09:00:00.000Z,34311,Vanguard Healthcare Systems,pending
RUN-SEED-mt4l32y2,LED-order_MOCK_10067,order_MOCK_10067,order_MOCK_10067,2026-08-03T09:00:00.000Z,10755,Acme Tech India Pvt Ltd,pending
RUN-SEED-mt4l32y2,LED-order_MOCK_10068,order_MOCK_10068,order_MOCK_10068,2026-08-03T09:00:00.000Z,29144,Nexus Logistics LLP,pending
RUN-SEED-mt4l32y2,LED-order_MOCK_10069,order_MOCK_10069,order_MOCK_10069,2026-08-05T09:00:00.000Z,23313,Starlight Media Works,pending
RUN-SEED-mt4l32y2,LED-order_MOCK_10070,order_MOCK_10070,order_MOCK_10070,2026-08-05T09:00:00.000Z,9145,Nexus Logistics LLP,pending
RUN-SEED-mt4l32y2,LED-order_MOCK_10071,order_MOCK_10071,order_MOCK_10071,2026-08-05T09:00:00.000Z,16620,Spectra Biotech Labs,pending
RUN-SEED-mt4l32y2,LED-order_MOCK_10072,order_MOCK_10072,order_MOCK_10072,2026-08-05T09:00:00.000Z,32331,BlueHorizon Aerospace,pending
RUN-SEED-mt4l32y2,LED-order_MOCK_10073,order_MOCK_10073,order_MOCK_10073,2026-08-05T09:00:00.000Z,1236,Hyperion Financial Advisors,pending
RUN-SEED-mt4l32y2,LED-order_MOCK_10074,order_MOCK_10074,order_MOCK_10074,2026-08-05T09:00:00.000Z,1443,Crestview Automotive Spares,pending
RUN-SEED-mt4l32y2,LED-order_MOCK_10075,order_MOCK_10075,order_MOCK_10075,2026-08-05T09:00:00.000Z,-37179,Nexus Logistics LLP,pending
RUN-SEED-mt4l32y2,LED-order_MOCK_10076,order_MOCK_10076,order_MOCK_10076,2026-08-05T09:00:00.000Z,3458,Indus Digital Media,pending
RUN-SEED-mt4l32y2,LED-order_MOCK_10077,order_MOCK_10077,order_MOCK_10077,2026-08-05T09:00:00.000Z,2790,BlueHorizon Aerospace,pending
RUN-SEED-mt4l32y2,LED-order_MOCK_10079,order_MOCK_10079,order_MOCK_10079,2026-08-05T09:00:00.000Z,13372,UrbanCraft Furniture,pending
RUN-SEED-mt4l32y2,LED-order_MOCK_10080,order_MOCK_10080,order_MOCK_10080,2026-08-05T09:00:00.000Z,32432,Titan Global Corp,pending
RUN-SEED-mt4l32y2,LED-order_MOCK_10081,order_MOCK_10081,order_MOCK_10081,2026-08-05T09:00:00.000Z,15546,Titan Global Corp,pending
RUN-SEED-mt4l32y2,LED-order_MOCK_10082,order_MOCK_10082,order_MOCK_10082,2026-08-05T09:00:00.000Z,8695,Solaria Renewable Energy,pending
RUN-SEED-mt4l32y2,LED-order_MOCK_10083,order_MOCK_10083,order_MOCK_10083,2026-08-05T09:00:00.000Z,11340,Indus Digital Media,pending
RUN-SEED-mt4l32y2,LED-order_MOCK_10084,order_MOCK_10084,order_MOCK_10084,2026-08-05T09:00:00.000Z,11373,Solaria Renewable Energy,pending
RUN-SEED-mt4l32y2,LED-order_MOCK_10085,order_MOCK_10085,order_MOCK_10085,2026-08-05T09:00:00.000Z,1296,InfraPulse Networks,pending
RUN-SEED-mt4l32y2,LED-order_MOCK_10086,order_MOCK_10086,order_MOCK_10086,2026-08-05T09:00:00.000Z,1873,Nexus Logistics LLP,pending
RUN-SEED-mt4l32y2,LED-order_MOCK_10087,order_MOCK_10087,order_MOCK_10087,2026-08-05T09:00:00.000Z,13977,BlueHorizon Aerospace,pending
RUN-SEED-mt4l32y2,LED-order_MOCK_10088,order_MOCK_10088,order_MOCK_10088,2026-08-05T09:00:00.000Z,21552,Vanguard Healthcare Systems,pending
RUN-SEED-mt4l32y2,LED-order_MOCK_10089,order_MOCK_10089,order_MOCK_10089,2026-08-05T09:00:00.000Z,34029,UrbanCraft Furniture,pending
RUN-SEED-mt4l32y2,LED-order_MOCK_10090,order_MOCK_10090,order_MOCK_10090,2026-08-05T09:00:00.000Z,4231,Acme Tech India Pvt Ltd,pending
RUN-SEED-mt4l32y2,LED-order_MOCK_10091,order_MOCK_10091,order_MOCK_10091,2026-08-05T09:00:00.000Z,19252,Vanguard Healthcare Systems,pending
RUN-SEED-mt4l32y2,LED-order_MOCK_10092,order_MOCK_10092,order_MOCK_10092,2026-08-05T09:00:00.000Z,12582,InfraPulse Networks,pending
RUN-SEED-mt4l32y2,LED-order_MOCK_10093,order_MOCK_10093,order_MOCK_10093,2026-08-05T09:00:00.000Z,24383,Solaria Renewable Energy,pending
RUN-SEED-mt4l32y2,LED-order_MOCK_10094,order_MOCK_10094,order_MOCK_10094,2026-08-05T09:00:00.000Z,24447,UrbanCraft Furniture,pending
RUN-SEED-mt4l32y2,LED-order_MOCK_10095,order_MOCK_10095,order_MOCK_10095,2026-08-05T09:00:00.000Z,17340,Acme Tech India Pvt Ltd,pending
RUN-SEED-mt4l32y2,LED-order_MOCK_10096,order_MOCK_10096,order_MOCK_10096,2026-08-05T09:00:00.000Z,10282,Hyperion Financial Advisors,pending
RUN-SEED-mt4l32y2,LED-order_MOCK_10099,order_MOCK_10099,order_MOCK_10099,2026-08-05T09:00:00.000Z,30917,Starlight Media Works,pending
RUN-SEED-mt4l32y2,LED-order_MOCK_10100,order_MOCK_10100,order_MOCK_10100,2026-08-05T09:00:00.000Z,9069,Acme Tech India Pvt Ltd,pending
RUN-SEED-mt4l32y2,LED-order_MOCK_10101,order_MOCK_10101,order_MOCK_10101,2026-08-07T09:00:00.000Z,18960,Solaria Renewable Energy,pending
RUN-SEED-mt4l32y2,LED-order_MOCK_10102,order_MOCK_10102,order_MOCK_10102,2026-08-07T09:00:00.000Z,3207,MetroMart Groceries,pending
RUN-SEED-mt4l32y2,LED-order_MOCK_10103,order_MOCK_10103,order_MOCK_10103,2026-08-07T09:00:00.000Z,36830,Solaria Renewable Energy,pending
RUN-SEED-mt4l32y2,LED-order_MOCK_10104,order_MOCK_10104,order_MOCK_10104,2026-08-07T09:00:00.000Z,34786,BlueHorizon Aerospace,pending
RUN-SEED-mt4l32y2,LED-order_MOCK_10105,order_MOCK_10105,order_MOCK_10105,2026-08-07T09:00:00.000Z,34046,InfraPulse Networks,pending
RUN-SEED-mt4l32y2,LED-order_MOCK_10106,order_MOCK_10106,order_MOCK_10106,2026-08-07T09:00:00.000Z,30531,Kaveri Consumer Goods,pending
RUN-SEED-mt4l32y2,LED-order_MOCK_10107,order_MOCK_10107,order_MOCK_10107,2026-08-07T09:00:00.000Z,7978,Indus Digital Media,pending
RUN-SEED-mt4l32y2,LED-order_MOCK_10108,order_MOCK_10108,order_MOCK_10108,2026-08-07T09:00:00.000Z,26303,Solaria Renewable Energy,pending
RUN-SEED-mt4l32y2,LED-order_MOCK_10110,order_MOCK_10110,order_MOCK_10110,2026-08-07T09:00:00.000Z,16371,Acme Tech India Pvt Ltd,pending
RUN-SEED-mt4l32y2,LED-order_MOCK_10111,order_MOCK_10111,order_MOCK_10111,2026-08-07T09:00:00.000Z,4774,Vanguard Healthcare Systems,pending
RUN-SEED-mt4l32y2,LED-order_MOCK_10112,order_MOCK_10112,order_MOCK_10112,2026-08-07T09:00:00.000Z,9690,Acme Tech India Pvt Ltd,pending
RUN-SEED-mt4l32y2,LED-order_MOCK_10113,order_MOCK_10113,order_MOCK_10113,2026-08-07T09:00:00.000Z,11548,Apex Retail Enterprises,pending
RUN-SEED-mt4l32y2,LED-order_MOCK_10114,order_MOCK_10114,order_MOCK_10114,2026-08-07T09:00:00.000Z,36124,Vanguard Healthcare Systems,pending
RUN-SEED-mt4l32y2,LED-order_MOCK_10115,order_MOCK_10115,order_MOCK_10115,2026-08-07T09:00:00.000Z,28109,Zenith Cloud Solutions,pending
RUN-SEED-mt4l32y2,LED-order_MOCK_10116,order_MOCK_10116,order_MOCK_10116,2026-08-07T09:00:00.000Z,25876,Hyperion Financial Advisors,pending
RUN-SEED-mt4l32y2,LED-order_MOCK_10117,order_MOCK_10117,order_MOCK_10117,2026-08-07T09:00:00.000Z,21853,Solaria Renewable Energy,pending
RUN-SEED-mt4l32y2,LED-order_MOCK_10118,order_MOCK_10118,order_MOCK_10118,2026-08-07T09:00:00.000Z,15410,Titan Global Corp,pending
RUN-SEED-mt4l32y2,LED-order_MOCK_10119,order_MOCK_10119,order_MOCK_10119,2026-08-07T09:00:00.000Z,31539,UrbanCraft Furniture,pending
RUN-SEED-mt4l32y2,LED-order_MOCK_10120,order_MOCK_10120,order_MOCK_10120,2026-08-07T09:00:00.000Z,-2921,Starlight Media Works,pending
RUN-SEED-mt4l32y2,LED-order_MOCK_10121,order_MOCK_10121,order_MOCK_10121,2026-08-07T09:00:00.000Z,-31588,Indus Digital Media,pending
RUN-SEED-mt4l32y2,LED-order_MOCK_10122,order_MOCK_10122,order_MOCK_10122,2026-08-07T09:00:00.000Z,15270,Zephyr Apparel Retail,pending
RUN-SEED-mt4l32y2,LED-order_MOCK_10123,order_MOCK_10123,order_MOCK_10123,2026-08-07T09:00:00.000Z,31107,Acme Tech India Pvt Ltd,pending
RUN-SEED-mt4l32y2,LED-order_MOCK_10124,order_MOCK_10124,order_MOCK_10124,2026-08-07T09:00:00.000Z,1291,MetroMart Groceries,pending
RUN-SEED-mt4l32y2,LED-order_MOCK_10125,order_MOCK_10125,order_MOCK_10125,2026-08-07T09:00:00.000Z,24057,Hyperion Financial Advisors,pending
RUN-SEED-mt4l32y2,LED-order_MOCK_10127,order_MOCK_10127,order_MOCK_10127,2026-08-07T09:00:00.000Z,37092,Vanguard Healthcare Systems,pending
RUN-SEED-mt4l32y2,LED-order_MOCK_10128,order_MOCK_10128,order_MOCK_10128,2026-08-07T09:00:00.000Z,17900,Apex Retail Enterprises,pending
RUN-SEED-mt4l32y2,LED-order_MOCK_10129,order_MOCK_10129,order_MOCK_10129,2026-08-07T09:00:00.000Z,23227,Apex Retail Enterprises,pending
RUN-SEED-mt4l32y2,LED-order_MOCK_10130,order_MOCK_10130,order_MOCK_10130,2026-08-07T09:00:00.000Z,31292,Solaria Renewable Energy,pending
RUN-SEED-mt4l32y2,LED-order_MOCK_10131,order_MOCK_10131,order_MOCK_10131,2026-08-07T09:00:00.000Z,5773,Zephyr Apparel Retail,pending
RUN-SEED-mt4l32y2,LED-order_MOCK_10132,order_MOCK_10132,order_MOCK_10132,2026-08-07T09:00:00.000Z,29344,Spectra Biotech Labs,pending
RUN-SEED-mt4l32y2,LED-order_MOCK_10133,order_MOCK_10133,order_MOCK_10133,2026-08-07T09:00:00.000Z,22909,Hyperion Financial Advisors,pending
RUN-SEED-mt4l32y2,LED-order_MOCK_10134,order_MOCK_10134,order_MOCK_10134,2026-08-09T09:00:00.000Z,26726,BlueHorizon Aerospace,pending
RUN-SEED-mt4l32y2,LED-order_MOCK_10135,order_MOCK_10135,order_MOCK_10135,2026-08-09T09:00:00.000Z,11165,Titan Global Corp,pending
RUN-SEED-mt4l32y2,LED-order_MOCK_10136,order_MOCK_10136,order_MOCK_10136,2026-08-09T09:00:00.000Z,31951,BlueHorizon Aerospace,pending
RUN-SEED-mt4l32y2,LED-order_MOCK_10137,order_MOCK_10137,order_MOCK_10137,2026-08-09T09:00:00.000Z,19421,MetroMart Groceries,pending
RUN-SEED-mt4l32y2,LED-order_MOCK_10138,order_MOCK_10138,order_MOCK_10138,2026-08-09T09:00:00.000Z,4029,Titan Global Corp,pending
RUN-SEED-mt4l32y2,LED-order_MOCK_10139,order_MOCK_10139,order_MOCK_10139,2026-08-09T09:00:00.000Z,18212,Spectra Biotech Labs,pending
RUN-SEED-mt4l32y2,LED-order_MOCK_10140,order_MOCK_10140,order_MOCK_10140,2026-08-09T09:00:00.000Z,7682,BlueHorizon Aerospace,pending
RUN-SEED-mt4l32y2,LED-order_MOCK_10141,order_MOCK_10141,order_MOCK_10141,2026-08-09T09:00:00.000Z,30113,UrbanCraft Furniture,pending
RUN-SEED-mt4l32y2,LED-order_MOCK_10142,order_MOCK_10142,order_MOCK_10142,2026-08-09T09:00:00.000Z,1498,Starlight Media Works,pending
RUN-SEED-mt4l32y2,LED-order_MOCK_10143,order_MOCK_10143,order_MOCK_10143,2026-08-09T09:00:00.000Z,34776,Starlight Media Works,pending
RUN-SEED-mt4l32y2,LED-order_MOCK_10144,order_MOCK_10144,order_MOCK_10144,2026-08-09T09:00:00.000Z,-10162,Vanguard Healthcare Systems,pending
RUN-SEED-mt4l32y2,LED-order_MOCK_10145,order_MOCK_10145,order_MOCK_10145,2026-08-09T09:00:00.000Z,24173,InfraPulse Networks,pending
RUN-SEED-mt4l32y2,LED-order_MOCK_10146,order_MOCK_10146,order_MOCK_10146,2026-08-09T09:00:00.000Z,23123,Acme Tech India Pvt Ltd,pending
RUN-SEED-mt4l32y2,LED-order_MOCK_10147,order_MOCK_10147,order_MOCK_10147,2026-08-09T09:00:00.000Z,28689,BlueHorizon Aerospace,pending
RUN-SEED-mt4l32y2,LED-order_MOCK_10148,order_MOCK_10148,order_MOCK_10148,2026-08-09T09:00:00.000Z,20911,Kaveri Consumer Goods,pending
RUN-SEED-mt4l32y2,LED-order_MOCK_10150,order_MOCK_10150,order_MOCK_10150,2026-08-09T09:00:00.000Z,29755,Hyperion Financial Advisors,pending
RUN-SEED-mt4l32y2,LED-order_MOCK_10151,order_MOCK_10151,order_MOCK_10151,2026-08-09T09:00:00.000Z,21201,Titan Global Corp,pending
RUN-SEED-mt4l32y2,LED-order_MOCK_10152,order_MOCK_10152,order_MOCK_10152,2026-08-09T09:00:00.000Z,26993,Paramount Engineering Works,pending
RUN-SEED-mt4l32y2,LED-order_MOCK_10153,order_MOCK_10153,order_MOCK_10153,2026-08-09T09:00:00.000Z,31506,Spectra Biotech Labs,pending
RUN-SEED-mt4l32y2,LED-order_MOCK_10154,order_MOCK_10154,order_MOCK_10154,2026-08-09T09:00:00.000Z,26127,InfraPulse Networks,pending
RUN-SEED-mt4l32y2,LED-order_MOCK_10155,order_MOCK_10155,order_MOCK_10155,2026-08-09T09:00:00.000Z,11337,Kaveri Consumer Goods,pending
RUN-SEED-mt4l32y2,LED-order_MOCK_10156,order_MOCK_10156,order_MOCK_10156,2026-08-09T09:00:00.000Z,13050,Zenith Cloud Solutions,pending
RUN-SEED-mt4l32y2,LED-order_MOCK_10157,order_MOCK_10157,order_MOCK_10157,2026-08-09T09:00:00.000Z,5157,Acme Tech India Pvt Ltd,pending
RUN-SEED-mt4l32y2,LED-order_MOCK_10158,order_MOCK_10158,order_MOCK_10158,2026-08-09T09:00:00.000Z,26338,Hyperion Financial Advisors,pending
RUN-SEED-mt4l32y2,LED-order_MOCK_10159,order_MOCK_10159,order_MOCK_10159,2026-08-09T09:00:00.000Z,-20767,MetroMart Groceries,pending
RUN-SEED-mt4l32y2,LED-order_MOCK_10160,order_MOCK_10160,order_MOCK_10160,2026-08-09T09:00:00.000Z,26549,Indus Digital Media,pending
RUN-SEED-mt4l32y2,LED-order_MOCK_10162,order_MOCK_10162,order_MOCK_10162,2026-08-09T09:00:00.000Z,14834,BlueHorizon Aerospace,pending
RUN-SEED-mt4l32y2,LED-order_MOCK_10163,order_MOCK_10163,order_MOCK_10163,2026-08-09T09:00:00.000Z,37752,Zenith Cloud Solutions,pending
RUN-SEED-mt4l32y2,LED-order_MOCK_10164,order_MOCK_10164,order_MOCK_10164,2026-08-09T09:00:00.000Z,12789,Acme Tech India Pvt Ltd,pending
RUN-SEED-mt4l32y2,LED-order_MOCK_10165,order_MOCK_10165,order_MOCK_10165,2026-08-11T09:00:00.000Z,-31080,Kaveri Consumer Goods,pending
RUN-SEED-mt4l32y2,LED-order_MOCK_10166,order_MOCK_10166,order_MOCK_10166,2026-08-11T09:00:00.000Z,32030,UrbanCraft Furniture,pending
RUN-SEED-mt4l32y2,LED-order_MOCK_10167,order_MOCK_10167,order_MOCK_10167,2026-08-11T09:00:00.000Z,12727,Zephyr Apparel Retail,pending
RUN-SEED-mt4l32y2,LED-order_MOCK_10168,order_MOCK_10168,order_MOCK_10168,2026-08-11T09:00:00.000Z,-37832,Acme Tech India Pvt Ltd,pending
RUN-SEED-mt4l32y2,LED-order_MOCK_10171,order_MOCK_10171,order_MOCK_10171,2026-08-11T09:00:00.000Z,-12191,Zenith Cloud Solutions,pending
RUN-SEED-mt4l32y2,LED-order_MOCK_10172,order_MOCK_10172,order_MOCK_10172,2026-08-11T09:00:00.000Z,4703,Nexus Logistics LLP,pending
RUN-SEED-mt4l32y2,LED-order_MOCK_10173,order_MOCK_10173,order_MOCK_10173,2026-08-11T09:00:00.000Z,-5019,Paramount Engineering Works,pending
RUN-SEED-mt4l32y2,LED-order_MOCK_10174,order_MOCK_10174,order_MOCK_10174,2026-08-11T09:00:00.000Z,5436,Zenith Cloud Solutions,pending
RUN-SEED-mt4l32y2,LED-order_MOCK_10175,order_MOCK_10175,order_MOCK_10175,2026-08-11T09:00:00.000Z,24767,Kaveri Consumer Goods,pending
RUN-SEED-mt4l32y2,LED-order_MOCK_10176,order_MOCK_10176,order_MOCK_10176,2026-08-11T09:00:00.000Z,36587,BlueHorizon Aerospace,pending
RUN-SEED-mt4l32y2,LED-order_MOCK_10177,order_MOCK_10177,order_MOCK_10177,2026-08-11T09:00:00.000Z,25317,Zephyr Apparel Retail,pending
RUN-SEED-mt4l32y2,LED-order_MOCK_10178,order_MOCK_10178,order_MOCK_10178,2026-08-11T09:00:00.000Z,37114,Solaria Renewable Energy,pending
RUN-SEED-mt4l32y2,LED-order_MOCK_10179,order_MOCK_10179,order_MOCK_10179,2026-08-11T09:00:00.000Z,21739,Indus Digital Media,pending
RUN-SEED-mt4l32y2,LED-order_MOCK_10180,order_MOCK_10180,order_MOCK_10180,2026-08-11T09:00:00.000Z,4870,BlueHorizon Aerospace,pending
RUN-SEED-mt4l32y2,LED-order_MOCK_10181,order_MOCK_10181,order_MOCK_10181,2026-08-11T09:00:00.000Z,32832,Vanguard Healthcare Systems,pending
RUN-SEED-mt4l32y2,LED-order_MOCK_10182,order_MOCK_10182,order_MOCK_10182,2026-08-11T09:00:00.000Z,29247,Zenith Cloud Solutions,pending
RUN-SEED-mt4l32y2,LED-order_MOCK_10183,order_MOCK_10183,order_MOCK_10183,2026-08-11T09:00:00.000Z,36331,Acme Tech India Pvt Ltd,pending
RUN-SEED-mt4l32y2,LED-order_MOCK_10184,order_MOCK_10184,order_MOCK_10184,2026-08-11T09:00:00.000Z,1272,Apex Retail Enterprises,pending
RUN-SEED-mt4l32y2,LED-order_MOCK_10185,order_MOCK_10185,order_MOCK_10185,2026-08-11T09:00:00.000Z,31619,Spectra Biotech Labs,pending
RUN-SEED-mt4l32y2,LED-order_MOCK_10186,order_MOCK_10186,order_MOCK_10186,2026-08-11T09:00:00.000Z,33177,Zephyr Apparel Retail,pending
RUN-SEED-mt4l32y2,LED-order_MOCK_10187,order_MOCK_10187,order_MOCK_10187,2026-08-11T09:00:00.000Z,15994,Zenith Cloud Solutions,pending
RUN-SEED-mt4l32y2,LED-order_MOCK_10188,order_MOCK_10188,order_MOCK_10188,2026-08-11T09:00:00.000Z,11643,MetroMart Groceries,pending
RUN-SEED-mt4l32y2,LED-order_MOCK_10189,order_MOCK_10189,order_MOCK_10189,2026-08-11T09:00:00.000Z,2287,Zenith Cloud Solutions,pending
RUN-SEED-mt4l32y2,LED-order_MOCK_10190,order_MOCK_10190,order_MOCK_10190,2026-08-11T09:00:00.000Z,20031,MetroMart Groceries,pending
RUN-SEED-mt4l32y2,LED-order_MOCK_10191,order_MOCK_10191,order_MOCK_10191,2026-08-11T09:00:00.000Z,23177,UrbanCraft Furniture,pending
RUN-SEED-mt4l32y2,LED-order_MOCK_10192,order_MOCK_10192,order_MOCK_10192,2026-08-11T09:00:00.000Z,34274,Nexus Logistics LLP,pending
RUN-SEED-mt4l32y2,LED-order_MOCK_10193,order_MOCK_10193,order_MOCK_10193,2026-08-11T09:00:00.000Z,35950,InfraPulse Networks,pending
RUN-SEED-mt4l32y2,LED-order_MOCK_10194,order_MOCK_10194,order_MOCK_10194,2026-08-11T09:00:00.000Z,30700,Spectra Biotech Labs,pending
RUN-SEED-mt4l32y2,LED-order_MOCK_10195,order_MOCK_10195,order_MOCK_10195,2026-08-11T09:00:00.000Z,23737,Vanguard Healthcare Systems,pending
RUN-SEED-mt4l32y2,LED-order_MOCK_10196,order_MOCK_10196,order_MOCK_10196,2026-08-11T09:00:00.000Z,33720,Crestview Automotive Spares,pending
RUN-SEED-mt4l32y2,LED-order_MOCK_10197,order_MOCK_10197,order_MOCK_10197,2026-08-11T09:00:00.000Z,22189,Vanguard Healthcare Systems,pending
RUN-SEED-mt4l32y2,LED-order_MOCK_10198,order_MOCK_10198,order_MOCK_10198,2026-08-11T09:00:00.000Z,14671,Vanguard Healthcare Systems,pending
RUN-SEED-mt4l32y2,LED-order_MOCK_10199,order_MOCK_10199,order_MOCK_10199,2026-08-13T09:00:00.000Z,30619,MetroMart Groceries,pending
RUN-SEED-mt4l32y2,LED-order_MOCK_10200,order_MOCK_10200,order_MOCK_10200,2026-08-13T09:00:00.000Z,2785,Zenith Cloud Solutions,pending
RUN-SEED-mt4l32y2,LED-order_MOCK_10201,order_MOCK_10201,order_MOCK_10201,2026-08-13T09:00:00.000Z,-12848,Spectra Biotech Labs,pending
RUN-SEED-mt4l32y2,LED-order_MOCK_10202,order_MOCK_10202,order_MOCK_10202,2026-08-13T09:00:00.000Z,26428,Zenith Cloud Solutions,pending
RUN-SEED-mt4l32y2,LED-order_MOCK_10203,order_MOCK_10203,order_MOCK_10203,2026-08-13T09:00:00.000Z,7493,Paramount Engineering Works,pending
RUN-SEED-mt4l32y2,LED-order_MOCK_10205,order_MOCK_10205,order_MOCK_10205,2026-08-13T09:00:00.000Z,8407,BlueHorizon Aerospace,pending
RUN-SEED-mt4l32y2,LED-order_MOCK_10206,order_MOCK_10206,order_MOCK_10206,2026-08-13T09:00:00.000Z,22164,Solaria Renewable Energy,pending
RUN-SEED-mt4l32y2,LED-order_MOCK_10207,order_MOCK_10207,order_MOCK_10207,2026-08-13T09:00:00.000Z,4235,InfraPulse Networks,pending
RUN-SEED-mt4l32y2,LED-order_MOCK_10208,order_MOCK_10208,order_MOCK_10208,2026-08-13T09:00:00.000Z,26500,Spectra Biotech Labs,pending
RUN-SEED-mt4l32y2,LED-order_MOCK_10209,order_MOCK_10209,order_MOCK_10209,2026-08-13T09:00:00.000Z,18315,Orion Consulting Partners,pending
RUN-SEED-mt4l32y2,LED-order_MOCK_10210,order_MOCK_10210,order_MOCK_10210,2026-08-13T09:00:00.000Z,18939,Titan Global Corp,pending
RUN-SEED-mt4l32y2,LED-order_MOCK_10211,order_MOCK_10211,order_MOCK_10211,2026-08-13T09:00:00.000Z,24984,InfraPulse Networks,pending
RUN-SEED-mt4l32y2,LED-order_MOCK_10212,order_MOCK_10212,order_MOCK_10212,2026-08-13T09:00:00.000Z,21611,Acme Tech India Pvt Ltd,pending
RUN-SEED-mt4l32y2,LED-order_MOCK_10213,order_MOCK_10213,order_MOCK_10213,2026-08-13T09:00:00.000Z,19741,Hyperion Financial Advisors,pending
RUN-SEED-mt4l32y2,LED-order_MOCK_10214,order_MOCK_10214,order_MOCK_10214,2026-08-13T09:00:00.000Z,35053,Spectra Biotech Labs,pending
RUN-SEED-mt4l32y2,LED-order_MOCK_10215,order_MOCK_10215,order_MOCK_10215,2026-08-13T09:00:00.000Z,-24554,MetroMart Groceries,pending
RUN-SEED-mt4l32y2,LED-order_MOCK_10216,order_MOCK_10216,order_MOCK_10216,2026-08-13T09:00:00.000Z,37778,Nexus Logistics LLP,pending
RUN-SEED-mt4l32y2,LED-order_MOCK_10217,order_MOCK_10217,order_MOCK_10217,2026-08-13T09:00:00.000Z,18055,InfraPulse Networks,pending
RUN-SEED-mt4l32y2,LED-order_MOCK_10218,order_MOCK_10218,order_MOCK_10218,2026-08-13T09:00:00.000Z,4499,Kaveri Consumer Goods,pending
RUN-SEED-mt4l32y2,LED-order_MOCK_10219,order_MOCK_10219,order_MOCK_10219,2026-08-13T09:00:00.000Z,21984,Orion Consulting Partners,pending
RUN-SEED-mt4l32y2,LED-order_MOCK_10220,order_MOCK_10220,order_MOCK_10220,2026-08-13T09:00:00.000Z,10026,Orion Consulting Partners,pending
RUN-SEED-mt4l32y2,LED-order_MOCK_10221,order_MOCK_10221,order_MOCK_10221,2026-08-13T09:00:00.000Z,20889,Crestview Automotive Spares,pending
RUN-SEED-mt4l32y2,LED-order_MOCK_10222,order_MOCK_10222,order_MOCK_10222,2026-08-13T09:00:00.000Z,24538,MetroMart Groceries,pending
RUN-SEED-mt4l32y2,LED-order_MOCK_10223,order_MOCK_10223,order_MOCK_10223,2026-08-13T09:00:00.000Z,28114,MetroMart Groceries,pending
RUN-SEED-mt4l32y2,LED-order_MOCK_10224,order_MOCK_10224,order_MOCK_10224,2026-08-13T09:00:00.000Z,24153,Orion Consulting Partners,pending
RUN-SEED-mt4l32y2,LED-order_MOCK_10225,order_MOCK_10225,order_MOCK_10225,2026-08-13T09:00:00.000Z,18059,MetroMart Groceries,pending
RUN-SEED-mt4l32y2,LED-order_MOCK_10226,order_MOCK_10226,order_MOCK_10226,2026-08-13T09:00:00.000Z,23201,Titan Global Corp,pending
RUN-SEED-mt4l32y2,LED-order_MOCK_10227,order_MOCK_10227,order_MOCK_10227,2026-08-13T09:00:00.000Z,10553,Hyperion Financial Advisors,pending
RUN-SEED-mt4l32y2,LED-order_MOCK_10228,order_MOCK_10228,order_MOCK_10228,2026-08-13T09:00:00.000Z,32960,Titan Global Corp,pending
RUN-SEED-mt4l32y2,LED-order_MOCK_10229,order_MOCK_10229,order_MOCK_10229,2026-08-13T09:00:00.000Z,15099,InfraPulse Networks,pending
RUN-SEED-mt4l32y2,LED-order_MOCK_10230,order_MOCK_10230,order_MOCK_10230,2026-08-13T09:00:00.000Z,34360,Zephyr Apparel Retail,pending
RUN-SEED-mt4l32y2,LED-order_MOCK_10231,order_MOCK_10231,order_MOCK_10231,2026-08-13T09:00:00.000Z,5183,Titan Global Corp,pending
RUN-SEED-mt4l32y2,LED-order_MOCK_10233,order_MOCK_10233,order_MOCK_10233,2026-08-13T09:00:00.000Z,32536,Acme Tech India Pvt Ltd,pending
RUN-SEED-mt4l32y2,LED-order_MOCK_10234,order_MOCK_10234,order_MOCK_10234,2026-08-13T09:00:00.000Z,1651,Paramount Engineering Works,pending
RUN-SEED-mt4l32y2,LED-order_MOCK_10235,order_MOCK_10235,order_MOCK_10235,2026-08-15T09:00:00.000Z,6786,InfraPulse Networks,pending
RUN-SEED-mt4l32y2,LED-order_MOCK_10236,order_MOCK_10236,order_MOCK_10236,2026-08-15T09:00:00.000Z,5059,Solaria Renewable Energy,pending
RUN-SEED-mt4l32y2,LED-order_MOCK_10237,order_MOCK_10237,order_MOCK_10237,2026-08-15T09:00:00.000Z,23234,Hyperion Financial Advisors,pending
RUN-SEED-mt4l32y2,LED-order_MOCK_10238,order_MOCK_10238,order_MOCK_10238,2026-08-15T09:00:00.000Z,16866,Zenith Cloud Solutions,pending
RUN-SEED-mt4l32y2,LED-order_MOCK_10239,order_MOCK_10239,order_MOCK_10239,2026-08-15T09:00:00.000Z,2891,Apex Retail Enterprises,pending
RUN-SEED-mt4l32y2,LED-order_MOCK_10240,order_MOCK_10240,order_MOCK_10240,2026-08-15T09:00:00.000Z,24571,UrbanCraft Furniture,pending
RUN-SEED-mt4l32y2,LED-order_MOCK_10241,order_MOCK_10241,order_MOCK_10241,2026-08-15T09:00:00.000Z,16398,Crestview Automotive Spares,pending
RUN-SEED-mt4l32y2,LED-order_MOCK_10242,order_MOCK_10242,order_MOCK_10242,2026-08-15T09:00:00.000Z,4877,Orion Consulting Partners,pending
RUN-SEED-mt4l32y2,LED-order_MOCK_10243,order_MOCK_10243,order_MOCK_10243,2026-08-15T09:00:00.000Z,7751,Nexus Logistics LLP,pending
RUN-SEED-mt4l32y2,LED-order_MOCK_10244,order_MOCK_10244,order_MOCK_10244,2026-08-15T09:00:00.000Z,24268,Orion Consulting Partners,pending
RUN-SEED-mt4l32y2,LED-order_MOCK_10245,order_MOCK_10245,order_MOCK_10245,2026-08-15T09:00:00.000Z,13081,Kaveri Consumer Goods,pending
RUN-SEED-mt4l32y2,LED-order_MOCK_10246,order_MOCK_10246,order_MOCK_10246,2026-08-15T09:00:00.000Z,36514,Kaveri Consumer Goods,pending
RUN-SEED-mt4l32y2,LED-order_MOCK_10248,order_MOCK_10248,order_MOCK_10248,2026-08-15T09:00:00.000Z,9292,Hyperion Financial Advisors,pending
RUN-SEED-mt4l32y2,LED-order_MOCK_10249,order_MOCK_10249,order_MOCK_10249,2026-08-15T09:00:00.000Z,35175,Orion Consulting Partners,pending
RUN-SEED-mt4l32y2,LED-order_MOCK_10250,order_MOCK_10250,order_MOCK_10250,2026-08-15T09:00:00.000Z,15810,Acme Tech India Pvt Ltd,pending
RUN-SEED-mt4l32y2,LED-order_MOCK_10251,order_MOCK_10251,order_MOCK_10251,2026-08-15T09:00:00.000Z,37274,Apex Retail Enterprises,pending
RUN-SEED-mt4l32y2,LED-order_MOCK_10253,order_MOCK_10253,order_MOCK_10253,2026-08-15T09:00:00.000Z,29096,Zephyr Apparel Retail,pending
RUN-SEED-mt4l32y2,LED-order_MOCK_10254,order_MOCK_10254,order_MOCK_10254,2026-08-15T09:00:00.000Z,16564,Acme Tech India Pvt Ltd,pending
RUN-SEED-mt4l32y2,LED-order_MOCK_10255,order_MOCK_10255,order_MOCK_10255,2026-08-15T09:00:00.000Z,18543,Titan Global Corp,pending
RUN-SEED-mt4l32y2,LED-order_MOCK_10256,order_MOCK_10256,order_MOCK_10256,2026-08-15T09:00:00.000Z,8345,Solaria Renewable Energy,pending
RUN-SEED-mt4l32y2,LED-order_MOCK_10257,order_MOCK_10257,order_MOCK_10257,2026-08-15T09:00:00.000Z,31816,Apex Retail Enterprises,pending
RUN-SEED-mt4l32y2,LED-order_MOCK_10258,order_MOCK_10258,order_MOCK_10258,2026-08-15T09:00:00.000Z,3914,Paramount Engineering Works,pending
RUN-SEED-mt4l32y2,LED-order_MOCK_10259,order_MOCK_10259,order_MOCK_10259,2026-08-15T09:00:00.000Z,28140,Hyperion Financial Advisors,pending
RUN-SEED-mt4l32y2,LED-order_MOCK_10260,order_MOCK_10260,order_MOCK_10260,2026-08-15T09:00:00.000Z,34909,Nexus Logistics LLP,pending
RUN-SEED-mt4l32y2,LED-order_MOCK_10261,order_MOCK_10261,order_MOCK_10261,2026-08-15T09:00:00.000Z,29000,Zenith Cloud Solutions,pending
RUN-SEED-mt4l32y2,LED-order_MOCK_10262,order_MOCK_10262,order_MOCK_10262,2026-08-17T09:00:00.000Z,32739,UrbanCraft Furniture,pending
RUN-SEED-mt4l32y2,LED-order_MOCK_10263,order_MOCK_10263,order_MOCK_10263,2026-08-17T09:00:00.000Z,35741,BlueHorizon Aerospace,pending
RUN-SEED-mt4l32y2,LED-order_MOCK_10264,order_MOCK_10264,order_MOCK_10264,2026-08-17T09:00:00.000Z,18540,UrbanCraft Furniture,pending
RUN-SEED-mt4l32y2,LED-order_MOCK_10265,order_MOCK_10265,order_MOCK_10265,2026-08-17T09:00:00.000Z,31773,Titan Global Corp,pending
RUN-SEED-mt4l32y2,LED-order_MOCK_10266,order_MOCK_10266,order_MOCK_10266,2026-08-17T09:00:00.000Z,28186,Hyperion Financial Advisors,pending
RUN-SEED-mt4l32y2,LED-order_MOCK_10267,order_MOCK_10267,order_MOCK_10267,2026-08-17T09:00:00.000Z,23424,Paramount Engineering Works,pending
RUN-SEED-mt4l32y2,LED-order_MOCK_10268,order_MOCK_10268,order_MOCK_10268,2026-08-17T09:00:00.000Z,35218,Starlight Media Works,pending
RUN-SEED-mt4l32y2,LED-order_MOCK_10269,order_MOCK_10269,order_MOCK_10269,2026-08-17T09:00:00.000Z,22094,Indus Digital Media,pending
RUN-SEED-mt4l32y2,LED-order_MOCK_10270,order_MOCK_10270,order_MOCK_10270,2026-08-17T09:00:00.000Z,32776,Paramount Engineering Works,pending
RUN-SEED-mt4l32y2,LED-order_MOCK_10271,order_MOCK_10271,order_MOCK_10271,2026-08-17T09:00:00.000Z,10350,Nexus Logistics LLP,pending
RUN-SEED-mt4l32y2,LED-order_MOCK_10272,order_MOCK_10272,order_MOCK_10272,2026-08-17T09:00:00.000Z,25871,Zenith Cloud Solutions,pending
RUN-SEED-mt4l32y2,LED-order_MOCK_10273,order_MOCK_10273,order_MOCK_10273,2026-08-17T09:00:00.000Z,1827,Spectra Biotech Labs,pending
RUN-SEED-mt4l32y2,LED-order_MOCK_10274,order_MOCK_10274,order_MOCK_10274,2026-08-17T09:00:00.000Z,2947,Hyperion Financial Advisors,pending
RUN-SEED-mt4l32y2,LED-order_MOCK_10275,order_MOCK_10275,order_MOCK_10275,2026-08-17T09:00:00.000Z,2976,MetroMart Groceries,pending
RUN-SEED-mt4l32y2,LED-order_MOCK_10276,order_MOCK_10276,order_MOCK_10276,2026-08-17T09:00:00.000Z,35300,InfraPulse Networks,pending
RUN-SEED-mt4l32y2,LED-order_MOCK_10277,order_MOCK_10277,order_MOCK_10277,2026-08-17T09:00:00.000Z,4881,Apex Retail Enterprises,pending
RUN-SEED-mt4l32y2,LED-order_MOCK_10278,order_MOCK_10278,order_MOCK_10278,2026-08-17T09:00:00.000Z,30406,Zephyr Apparel Retail,pending
RUN-SEED-mt4l32y2,LED-order_MOCK_10279,order_MOCK_10279,order_MOCK_10279,2026-08-17T09:00:00.000Z,35403,BlueHorizon Aerospace,pending
RUN-SEED-mt4l32y2,LED-order_MOCK_10280,order_MOCK_10280,order_MOCK_10280,2026-08-17T09:00:00.000Z,21295,Apex Retail Enterprises,pending
RUN-SEED-mt4l32y2,LED-order_MOCK_10281,order_MOCK_10281,order_MOCK_10281,2026-08-17T09:00:00.000Z,30096,Paramount Engineering Works,pending
RUN-SEED-mt4l32y2,LED-order_MOCK_10282,order_MOCK_10282,order_MOCK_10282,2026-08-17T09:00:00.000Z,23084,Vanguard Healthcare Systems,pending
RUN-SEED-mt4l32y2,LED-order_MOCK_10283,order_MOCK_10283,order_MOCK_10283,2026-08-17T09:00:00.000Z,3991,BlueHorizon Aerospace,pending
RUN-SEED-mt4l32y2,LED-order_MOCK_10284,order_MOCK_10284,order_MOCK_10284,2026-08-17T09:00:00.000Z,35347,Spectra Biotech Labs,pending
RUN-SEED-mt4l32y2,LED-order_MOCK_10285,order_MOCK_10285,order_MOCK_10285,2026-08-17T09:00:00.000Z,30064,Spectra Biotech Labs,pending
RUN-SEED-mt4l32y2,LED-order_MOCK_10286,order_MOCK_10286,order_MOCK_10286,2026-08-17T09:00:00.000Z,9594,Paramount Engineering Works,pending
RUN-SEED-mt4l32y2,LED-order_MOCK_10287,order_MOCK_10287,order_MOCK_10287,2026-08-17T09:00:00.000Z,26493,Nexus Logistics LLP,pending
RUN-SEED-mt4l32y2,LED-order_MOCK_10288,order_MOCK_10288,order_MOCK_10288,2026-08-17T09:00:00.000Z,5803,Crestview Automotive Spares,pending
RUN-SEED-mt4l32y2,LED-order_MOCK_10289,order_MOCK_10289,order_MOCK_10289,2026-08-17T09:00:00.000Z,24829,BlueHorizon Aerospace,pending
RUN-SEED-mt4l32y2,LED-order_MOCK_10290,order_MOCK_10290,order_MOCK_10290,2026-08-17T09:00:00.000Z,10963,Spectra Biotech Labs,pending
RUN-SEED-mt4l32y2,LED-order_MOCK_10291,order_MOCK_10291,order_MOCK_10291,2026-08-19T09:00:00.000Z,30665,Acme Tech India Pvt Ltd,pending
RUN-SEED-mt4l32y2,LED-order_MOCK_10292,order_MOCK_10292,order_MOCK_10292,2026-08-19T09:00:00.000Z,15005,Nexus Logistics LLP,pending
RUN-SEED-mt4l32y2,LED-order_MOCK_10293,order_MOCK_10293,order_MOCK_10293,2026-08-19T09:00:00.000Z,7671,Paramount Engineering Works,pending
RUN-SEED-mt4l32y2,LED-order_MOCK_10294,order_MOCK_10294,order_MOCK_10294,2026-08-19T09:00:00.000Z,8957,Solaria Renewable Energy,pending
RUN-SEED-mt4l32y2,LED-order_MOCK_10295,order_MOCK_10295,order_MOCK_10295,2026-08-19T09:00:00.000Z,36957,Apex Retail Enterprises,pending
RUN-SEED-mt4l32y2,LED-order_MOCK_10296,order_MOCK_10296,order_MOCK_10296,2026-08-19T09:00:00.000Z,35285,Nexus Logistics LLP,pending
RUN-SEED-mt4l32y2,LED-order_MOCK_10297,order_MOCK_10297,order_MOCK_10297,2026-08-19T09:00:00.000Z,35347,Kaveri Consumer Goods,pending
RUN-SEED-mt4l32y2,LED-order_MOCK_10299,order_MOCK_10299,order_MOCK_10299,2026-08-19T09:00:00.000Z,4483,Acme Tech India Pvt Ltd,pending
RUN-SEED-mt4l32y2,LED-order_MOCK_10300,order_MOCK_10300,order_MOCK_10300,2026-08-19T09:00:00.000Z,-37951,Apex Retail Enterprises,pending
RUN-SEED-mt4l32y2,LED-order_MOCK_10301,order_MOCK_10301,order_MOCK_10301,2026-08-19T09:00:00.000Z,35474,Spectra Biotech Labs,pending
RUN-SEED-mt4l32y2,LED-order_MOCK_10302,order_MOCK_10302,order_MOCK_10302,2026-08-19T09:00:00.000Z,16271,Kaveri Consumer Goods,pending
RUN-SEED-mt4l32y2,LED-order_MOCK_10303,order_MOCK_10303,order_MOCK_10303,2026-08-19T09:00:00.000Z,9575,Zenith Cloud Solutions,pending
RUN-SEED-mt4l32y2,LED-order_MOCK_10304,order_MOCK_10304,order_MOCK_10304,2026-08-19T09:00:00.000Z,9969,Apex Retail Enterprises,pending
RUN-SEED-mt4l32y2,LED-order_MOCK_10305,order_MOCK_10305,order_MOCK_10305,2026-08-19T09:00:00.000Z,6222,Acme Tech India Pvt Ltd,pending
RUN-SEED-mt4l32y2,LED-order_MOCK_10306,order_MOCK_10306,order_MOCK_10306,2026-08-19T09:00:00.000Z,30896,Apex Retail Enterprises,pending
RUN-SEED-mt4l32y2,LED-order_MOCK_10307,order_MOCK_10307,order_MOCK_10307,2026-08-19T09:00:00.000Z,25157,Orion Consulting Partners,pending
RUN-SEED-mt4l32y2,LED-order_MOCK_10308,order_MOCK_10308,order_MOCK_10308,2026-08-19T09:00:00.000Z,1734,Solaria Renewable Energy,pending
RUN-SEED-mt4l32y2,LED-order_MOCK_10309,order_MOCK_10309,order_MOCK_10309,2026-08-19T09:00:00.000Z,16832,MetroMart Groceries,pending
RUN-SEED-mt4l32y2,LED-order_MOCK_10310,order_MOCK_10310,order_MOCK_10310,2026-08-19T09:00:00.000Z,30848,Hyperion Financial Advisors,pending
RUN-SEED-mt4l32y2,LED-order_MOCK_10311,order_MOCK_10311,order_MOCK_10311,2026-08-19T09:00:00.000Z,9801,Titan Global Corp,pending
RUN-SEED-mt4l32y2,LED-order_MOCK_10312,order_MOCK_10312,order_MOCK_10312,2026-08-19T09:00:00.000Z,31977,Kaveri Consumer Goods,pending
RUN-SEED-mt4l32y2,LED-order_MOCK_10313,order_MOCK_10313,order_MOCK_10313,2026-08-19T09:00:00.000Z,20511,Solaria Renewable Energy,pending
RUN-SEED-mt4l32y2,LED-order_MOCK_10314,order_MOCK_10314,order_MOCK_10314,2026-08-19T09:00:00.000Z,2694,Crestview Automotive Spares,pending
RUN-SEED-mt4l32y2,LED-order_MOCK_10315,order_MOCK_10315,order_MOCK_10315,2026-08-19T09:00:00.000Z,26206,Spectra Biotech Labs,pending
RUN-SEED-mt4l32y2,LED-order_MOCK_10316,order_MOCK_10316,order_MOCK_10316,2026-08-19T09:00:00.000Z,34106,Indus Digital Media,pending
RUN-SEED-mt4l32y2,LED-order_MOCK_10317,order_MOCK_10317,order_MOCK_10317,2026-08-19T09:00:00.000Z,7390,Zephyr Apparel Retail,pending
RUN-SEED-mt4l32y2,LED-order_MOCK_10318,order_MOCK_10318,order_MOCK_10318,2026-08-19T09:00:00.000Z,3254,Zenith Cloud Solutions,pending
RUN-SEED-mt4l32y2,LED-order_MOCK_10319,order_MOCK_10319,order_MOCK_10319,2026-08-19T09:00:00.000Z,10338,Orion Consulting Partners,pending
RUN-SEED-mt4l32y2,LED-order_MOCK_10320,order_MOCK_10320,order_MOCK_10320,2026-08-19T09:00:00.000Z,3160,Crestview Automotive Spares,pending
RUN-SEED-mt4l32y2,LED-order_MOCK_10321,order_MOCK_10321,order_MOCK_10321,2026-08-19T09:00:00.000Z,19714,Paramount Engineering Works,pending
RUN-SEED-mt4l32y2,LED-order_MOCK_10322,order_MOCK_10322,order_MOCK_10322,2026-08-19T09:00:00.000Z,28034,UrbanCraft Furniture,pending
RUN-SEED-mt4l32y2,LED-order_MOCK_10323,order_MOCK_10323,order_MOCK_10323,2026-08-19T09:00:00.000Z,11699,Nexus Logistics LLP,pending
RUN-SEED-mt4l32y2,LED-order_MOCK_10324,order_MOCK_10324,order_MOCK_10324,2026-08-19T09:00:00.000Z,36445,Zephyr Apparel Retail,pending
RUN-SEED-mt4l32y2,LED-order_MOCK_10325,order_MOCK_10325,order_MOCK_10325,2026-08-19T09:00:00.000Z,36786,Paramount Engineering Works,pending
RUN-SEED-mt4l32y2,LED-order_MOCK_10326,order_MOCK_10326,order_MOCK_10326,2026-08-19T09:00:00.000Z,8751,Kaveri Consumer Goods,pending
RUN-SEED-mt4l32y2,LED-order_MOCK_10327,order_MOCK_10327,order_MOCK_10327,2026-08-21T09:00:00.000Z,35223,Spectra Biotech Labs,pending
RUN-SEED-mt4l32y2,LED-order_MOCK_10328,order_MOCK_10328,order_MOCK_10328,2026-08-21T09:00:00.000Z,36371,Acme Tech India Pvt Ltd,pending
RUN-SEED-mt4l32y2,LED-order_MOCK_10329,order_MOCK_10329,order_MOCK_10329,2026-08-21T09:00:00.000Z,17526,Acme Tech India Pvt Ltd,pending
RUN-SEED-mt4l32y2,LED-order_MOCK_10330,order_MOCK_10330,order_MOCK_10330,2026-08-21T09:00:00.000Z,34238,Starlight Media Works,pending
RUN-SEED-mt4l32y2,LED-order_MOCK_10331,order_MOCK_10331,order_MOCK_10331,2026-08-21T09:00:00.000Z,7049,BlueHorizon Aerospace,pending
RUN-SEED-mt4l32y2,LED-order_MOCK_10332,order_MOCK_10332,order_MOCK_10332,2026-08-21T09:00:00.000Z,33240,Acme Tech India Pvt Ltd,pending
RUN-SEED-mt4l32y2,LED-order_MOCK_10333,order_MOCK_10333,order_MOCK_10333,2026-08-21T09:00:00.000Z,27094,MetroMart Groceries,pending
RUN-SEED-mt4l32y2,LED-order_MOCK_10334,order_MOCK_10334,order_MOCK_10334,2026-08-21T09:00:00.000Z,25943,Starlight Media Works,pending
RUN-SEED-mt4l32y2,LED-order_MOCK_10335,order_MOCK_10335,order_MOCK_10335,2026-08-21T09:00:00.000Z,2377,Paramount Engineering Works,pending
RUN-SEED-mt4l32y2,LED-order_MOCK_10336,order_MOCK_10336,order_MOCK_10336,2026-08-21T09:00:00.000Z,4637,Titan Global Corp,pending
RUN-SEED-mt4l32y2,LED-order_MOCK_10337,order_MOCK_10337,order_MOCK_10337,2026-08-21T09:00:00.000Z,11333,Vanguard Healthcare Systems,pending
RUN-SEED-mt4l32y2,LED-order_MOCK_10338,order_MOCK_10338,order_MOCK_10338,2026-08-21T09:00:00.000Z,-17965,Spectra Biotech Labs,pending
RUN-SEED-mt4l32y2,LED-order_MOCK_10339,order_MOCK_10339,order_MOCK_10339,2026-08-21T09:00:00.000Z,4650,Nexus Logistics LLP,pending
RUN-SEED-mt4l32y2,LED-order_MOCK_10340,order_MOCK_10340,order_MOCK_10340,2026-08-21T09:00:00.000Z,-37960,Paramount Engineering Works,pending
RUN-SEED-mt4l32y2,LED-order_MOCK_10341,order_MOCK_10341,order_MOCK_10341,2026-08-21T09:00:00.000Z,9256,Starlight Media Works,pending
RUN-SEED-mt4l32y2,LED-order_MOCK_10342,order_MOCK_10342,order_MOCK_10342,2026-08-21T09:00:00.000Z,20550,Orion Consulting Partners,pending
RUN-SEED-mt4l32y2,LED-order_MOCK_10343,order_MOCK_10343,order_MOCK_10343,2026-08-21T09:00:00.000Z,8074,Hyperion Financial Advisors,pending
RUN-SEED-mt4l32y2,LED-order_MOCK_10344,order_MOCK_10344,order_MOCK_10344,2026-08-21T09:00:00.000Z,20124,Zenith Cloud Solutions,pending
RUN-SEED-mt4l32y2,LED-order_MOCK_10345,order_MOCK_10345,order_MOCK_10345,2026-08-21T09:00:00.000Z,16688,Indus Digital Media,pending
RUN-SEED-mt4l32y2,LED-order_MOCK_10346,order_MOCK_10346,order_MOCK_10346,2026-08-21T09:00:00.000Z,3657,Spectra Biotech Labs,pending
RUN-SEED-mt4l32y2,LED-order_MOCK_10347,order_MOCK_10347,order_MOCK_10347,2026-08-21T09:00:00.000Z,23356,BlueHorizon Aerospace,pending
RUN-SEED-mt4l32y2,LED-order_MOCK_10348,order_MOCK_10348,order_MOCK_10348,2026-08-21T09:00:00.000Z,3286,Crestview Automotive Spares,pending
RUN-SEED-mt4l32y2,LED-order_MOCK_10349,order_MOCK_10349,order_MOCK_10349,2026-08-21T09:00:00.000Z,30441,Hyperion Financial Advisors,pending
RUN-SEED-mt4l32y2,LED-order_MOCK_10350,order_MOCK_10350,order_MOCK_10350,2026-08-21T09:00:00.000Z,7450,Crestview Automotive Spares,pending
RUN-SEED-mt4l32y2,LED-order_MOCK_10351,order_MOCK_10351,order_MOCK_10351,2026-08-21T09:00:00.000Z,27032,Indus Digital Media,pending
RUN-SEED-mt4l32y2,LED-order_MOCK_10352,order_MOCK_10352,order_MOCK_10352,2026-08-21T09:00:00.000Z,12329,Zephyr Apparel Retail,pending
RUN-SEED-mt4l32y2,LED-order_MOCK_10353,order_MOCK_10353,order_MOCK_10353,2026-08-21T09:00:00.000Z,28855,Apex Retail Enterprises,pending
RUN-SEED-mt4l32y2,LED-order_MOCK_10354,order_MOCK_10354,order_MOCK_10354,2026-08-21T09:00:00.000Z,24475,Starlight Media Works,pending
RUN-SEED-mt4l32y2,LED-order_MOCK_10355,order_MOCK_10355,order_MOCK_10355,2026-08-21T09:00:00.000Z,28619,Spectra Biotech Labs,pending
RUN-SEED-mt4l32y2,LED-order_MOCK_10356,order_MOCK_10356,order_MOCK_10356,2026-08-21T09:00:00.000Z,35672,Crestview Automotive Spares,pending
RUN-SEED-mt4l32y2,LED-order_MOCK_10357,order_MOCK_10357,order_MOCK_10357,2026-08-21T09:00:00.000Z,36797,UrbanCraft Furniture,pending
RUN-SEED-mt4l32y2,LED-order_MOCK_10358,order_MOCK_10358,order_MOCK_10358,2026-08-23T09:00:00.000Z,16859,Starlight Media Works,pending
RUN-SEED-mt4l32y2,LED-order_MOCK_10359,order_MOCK_10359,order_MOCK_10359,2026-08-23T09:00:00.000Z,10889,Kaveri Consumer Goods,pending
RUN-SEED-mt4l32y2,LED-order_MOCK_10360,order_MOCK_10360,order_MOCK_10360,2026-08-23T09:00:00.000Z,29912,Solaria Renewable Energy,pending
RUN-SEED-mt4l32y2,LED-order_MOCK_10361,order_MOCK_10361,order_MOCK_10361,2026-08-23T09:00:00.000Z,-36883,MetroMart Groceries,pending
RUN-SEED-mt4l32y2,LED-order_MOCK_10362,order_MOCK_10362,order_MOCK_10362,2026-08-23T09:00:00.000Z,33550,UrbanCraft Furniture,pending
RUN-SEED-mt4l32y2,LED-order_MOCK_10363,order_MOCK_10363,order_MOCK_10363,2026-08-23T09:00:00.000Z,5384,Vanguard Healthcare Systems,pending
RUN-SEED-mt4l32y2,LED-order_MOCK_10364,order_MOCK_10364,order_MOCK_10364,2026-08-23T09:00:00.000Z,29732,Titan Global Corp,pending
RUN-SEED-mt4l32y2,LED-order_MOCK_10365,order_MOCK_10365,order_MOCK_10365,2026-08-23T09:00:00.000Z,29925,Crestview Automotive Spares,pending
RUN-SEED-mt4l32y2,LED-order_MOCK_10366,order_MOCK_10366,order_MOCK_10366,2026-08-23T09:00:00.000Z,14081,Indus Digital Media,pending
RUN-SEED-mt4l32y2,LED-order_MOCK_10367,order_MOCK_10367,order_MOCK_10367,2026-08-23T09:00:00.000Z,26005,InfraPulse Networks,pending
RUN-SEED-mt4l32y2,LED-order_MOCK_10368,order_MOCK_10368,order_MOCK_10368,2026-08-23T09:00:00.000Z,14823,Kaveri Consumer Goods,pending
RUN-SEED-mt4l32y2,LED-order_MOCK_10369,order_MOCK_10369,order_MOCK_10369,2026-08-23T09:00:00.000Z,14903,Zenith Cloud Solutions,pending
RUN-SEED-mt4l32y2,LED-order_MOCK_10370,order_MOCK_10370,order_MOCK_10370,2026-08-23T09:00:00.000Z,22313,Paramount Engineering Works,pending
RUN-SEED-mt4l32y2,LED-order_MOCK_10371,order_MOCK_10371,order_MOCK_10371,2026-08-23T09:00:00.000Z,20004,MetroMart Groceries,pending
RUN-SEED-mt4l32y2,LED-order_MOCK_10372,order_MOCK_10372,order_MOCK_10372,2026-08-23T09:00:00.000Z,31832,BlueHorizon Aerospace,pending
RUN-SEED-mt4l32y2,LED-order_MOCK_10373,order_MOCK_10373,order_MOCK_10373,2026-08-23T09:00:00.000Z,16465,Titan Global Corp,pending
RUN-SEED-mt4l32y2,LED-order_MOCK_10374,order_MOCK_10374,order_MOCK_10374,2026-08-23T09:00:00.000Z,31563,Titan Global Corp,pending
RUN-SEED-mt4l32y2,LED-order_MOCK_10375,order_MOCK_10375,order_MOCK_10375,2026-08-23T09:00:00.000Z,20591,InfraPulse Networks,pending
RUN-SEED-mt4l32y2,LED-order_MOCK_10376,order_MOCK_10376,order_MOCK_10376,2026-08-23T09:00:00.000Z,13051,Hyperion Financial Advisors,pending
RUN-SEED-mt4l32y2,LED-order_MOCK_10377,order_MOCK_10377,order_MOCK_10377,2026-08-23T09:00:00.000Z,16010,Titan Global Corp,pending
RUN-SEED-mt4l32y2,LED-order_MOCK_10378,order_MOCK_10378,order_MOCK_10378,2026-08-23T09:00:00.000Z,16856,UrbanCraft Furniture,pending
RUN-SEED-mt4l32y2,LED-order_MOCK_10379,order_MOCK_10379,order_MOCK_10379,2026-08-23T09:00:00.000Z,10158,Paramount Engineering Works,pending
RUN-SEED-mt4l32y2,LED-order_MOCK_10380,order_MOCK_10380,order_MOCK_10380,2026-08-23T09:00:00.000Z,15706,Acme Tech India Pvt Ltd,pending
RUN-SEED-mt4l32y2,LED-order_MOCK_10381,order_MOCK_10381,order_MOCK_10381,2026-08-23T09:00:00.000Z,31226,Kaveri Consumer Goods,pending
RUN-SEED-mt4l32y2,LED-order_MOCK_10382,order_MOCK_10382,order_MOCK_10382,2026-08-23T09:00:00.000Z,26221,Apex Retail Enterprises,pending
RUN-SEED-mt4l32y2,LED-order_MOCK_10383,order_MOCK_10383,order_MOCK_10383,2026-08-23T09:00:00.000Z,5332,Solaria Renewable Energy,pending
RUN-SEED-mt4l32y2,LED-order_MOCK_10384,order_MOCK_10384,order_MOCK_10384,2026-08-23T09:00:00.000Z,34938,Titan Global Corp,pending
RUN-SEED-mt4l32y2,LED-order_MOCK_10386,order_MOCK_10386,order_MOCK_10386,2026-08-23T09:00:00.000Z,19295,Crestview Automotive Spares,pending
RUN-SEED-mt4l32y2,LED-order_MOCK_10387,order_MOCK_10387,order_MOCK_10387,2026-08-23T09:00:00.000Z,-22685,Spectra Biotech Labs,pending
RUN-SEED-mt4l32y2,LED-order_MOCK_10388,order_MOCK_10388,order_MOCK_10388,2026-08-23T09:00:00.000Z,20966,Titan Global Corp,pending
RUN-SEED-mt4l32y2,LED-order_MOCK_10389,order_MOCK_10389,order_MOCK_10389,2026-08-23T09:00:00.000Z,2113,Nexus Logistics LLP,pending
RUN-SEED-mt4l32y2,LED-order_MOCK_10390,order_MOCK_10390,order_MOCK_10390,2026-08-25T09:00:00.000Z,1959,BlueHorizon Aerospace,pending
RUN-SEED-mt4l32y2,LED-order_MOCK_10391,order_MOCK_10391,order_MOCK_10391,2026-08-25T09:00:00.000Z,6160,Vanguard Healthcare Systems,pending
RUN-SEED-mt4l32y2,LED-order_MOCK_10392,order_MOCK_10392,order_MOCK_10392,2026-08-25T09:00:00.000Z,24974,UrbanCraft Furniture,pending
RUN-SEED-mt4l32y2,LED-order_MOCK_10393,order_MOCK_10393,order_MOCK_10393,2026-08-25T09:00:00.000Z,20640,BlueHorizon Aerospace,pending
RUN-SEED-mt4l32y2,LED-order_MOCK_10394,order_MOCK_10394,order_MOCK_10394,2026-08-25T09:00:00.000Z,34536,Spectra Biotech Labs,pending
RUN-SEED-mt4l32y2,LED-order_MOCK_10395,order_MOCK_10395,order_MOCK_10395,2026-08-25T09:00:00.000Z,6251,Orion Consulting Partners,pending
RUN-SEED-mt4l32y2,LED-order_MOCK_10396,order_MOCK_10396,order_MOCK_10396,2026-08-25T09:00:00.000Z,-20130,MetroMart Groceries,pending
RUN-SEED-mt4l32y2,LED-order_MOCK_10397,order_MOCK_10397,order_MOCK_10397,2026-08-25T09:00:00.000Z,18580,InfraPulse Networks,pending
RUN-SEED-mt4l32y2,LED-order_MOCK_10398,order_MOCK_10398,order_MOCK_10398,2026-08-25T09:00:00.000Z,22359,Starlight Media Works,pending
RUN-SEED-mt4l32y2,LED-order_MOCK_10399,order_MOCK_10399,order_MOCK_10399,2026-08-25T09:00:00.000Z,32239,Zephyr Apparel Retail,pending
RUN-SEED-mt4l32y2,LED-order_MOCK_10400,order_MOCK_10400,order_MOCK_10400,2026-08-25T09:00:00.000Z,2154,Kaveri Consumer Goods,pending
RUN-SEED-mt4l32y2,LED-order_MOCK_10401,order_MOCK_10401,order_MOCK_10401,2026-08-25T09:00:00.000Z,10190,MetroMart Groceries,pending
RUN-SEED-mt4l32y2,LED-order_MOCK_10402,order_MOCK_10402,order_MOCK_10402,2026-08-25T09:00:00.000Z,19900,UrbanCraft Furniture,pending
RUN-SEED-mt4l32y2,LED-order_MOCK_10404,order_MOCK_10404,order_MOCK_10404,2026-08-25T09:00:00.000Z,36096,Crestview Automotive Spares,pending
RUN-SEED-mt4l32y2,LED-order_MOCK_10405,order_MOCK_10405,order_MOCK_10405,2026-08-25T09:00:00.000Z,14392,UrbanCraft Furniture,pending
RUN-SEED-mt4l32y2,LED-order_MOCK_10406,order_MOCK_10406,order_MOCK_10406,2026-08-25T09:00:00.000Z,35626,Zenith Cloud Solutions,pending
RUN-SEED-mt4l32y2,LED-order_MOCK_10407,order_MOCK_10407,order_MOCK_10407,2026-08-25T09:00:00.000Z,18242,Spectra Biotech Labs,pending
RUN-SEED-mt4l32y2,LED-order_MOCK_10408,order_MOCK_10408,order_MOCK_10408,2026-08-25T09:00:00.000Z,22203,Hyperion Financial Advisors,pending
RUN-SEED-mt4l32y2,LED-order_MOCK_10409,order_MOCK_10409,order_MOCK_10409,2026-08-25T09:00:00.000Z,32451,Hyperion Financial Advisors,pending
RUN-SEED-mt4l32y2,LED-order_MOCK_10410,order_MOCK_10410,order_MOCK_10410,2026-08-25T09:00:00.000Z,30484,BlueHorizon Aerospace,pending
RUN-SEED-mt4l32y2,LED-order_MOCK_10411,order_MOCK_10411,order_MOCK_10411,2026-08-25T09:00:00.000Z,13356,Spectra Biotech Labs,pending
RUN-SEED-mt4l32y2,LED-order_MOCK_10412,order_MOCK_10412,order_MOCK_10412,2026-08-25T09:00:00.000Z,12067,Titan Global Corp,pending
RUN-SEED-mt4l32y2,LED-order_MOCK_10413,order_MOCK_10413,order_MOCK_10413,2026-08-25T09:00:00.000Z,12705,Apex Retail Enterprises,pending
RUN-SEED-mt4l32y2,LED-order_MOCK_10414,order_MOCK_10414,order_MOCK_10414,2026-08-25T09:00:00.000Z,7268,Crestview Automotive Spares,pending
RUN-SEED-mt4l32y2,LED-order_MOCK_10416,order_MOCK_10416,order_MOCK_10416,2026-08-25T09:00:00.000Z,8480,UrbanCraft Furniture,pending
RUN-SEED-mt4l32y2,LED-order_MOCK_10417,order_MOCK_10417,order_MOCK_10417,2026-08-25T09:00:00.000Z,13427,Starlight Media Works,pending
RUN-SEED-mt4l32y2,LED-order_MOCK_10418,order_MOCK_10418,order_MOCK_10418,2026-08-25T09:00:00.000Z,36635,Solaria Renewable Energy,pending
RUN-SEED-mt4l32y2,LED-order_MOCK_10419,order_MOCK_10419,order_MOCK_10419,2026-08-25T09:00:00.000Z,26448,Kaveri Consumer Goods,pending
RUN-SEED-mt4l32y2,LED-order_MOCK_10420,order_MOCK_10420,order_MOCK_10420,2026-08-27T09:00:00.000Z,9086,Vanguard Healthcare Systems,pending
RUN-SEED-mt4l32y2,LED-order_MOCK_10421,order_MOCK_10421,order_MOCK_10421,2026-08-27T09:00:00.000Z,8886,Hyperion Financial Advisors,pending
RUN-SEED-mt4l32y2,LED-order_MOCK_10422,order_MOCK_10422,order_MOCK_10422,2026-08-27T09:00:00.000Z,4348,UrbanCraft Furniture,pending
RUN-SEED-mt4l32y2,LED-order_MOCK_10423,order_MOCK_10423,order_MOCK_10423,2026-08-27T09:00:00.000Z,10608,Orion Consulting Partners,pending
RUN-SEED-mt4l32y2,LED-order_MOCK_10424,order_MOCK_10424,order_MOCK_10424,2026-08-27T09:00:00.000Z,32448,Solaria Renewable Energy,pending
RUN-SEED-mt4l32y2,LED-order_MOCK_10425,order_MOCK_10425,order_MOCK_10425,2026-08-27T09:00:00.000Z,37025,Acme Tech India Pvt Ltd,pending
RUN-SEED-mt4l32y2,LED-order_MOCK_10426,order_MOCK_10426,order_MOCK_10426,2026-08-27T09:00:00.000Z,37909,Nexus Logistics LLP,pending
RUN-SEED-mt4l32y2,LED-order_MOCK_10427,order_MOCK_10427,order_MOCK_10427,2026-08-27T09:00:00.000Z,37447,Indus Digital Media,pending
RUN-SEED-mt4l32y2,LED-order_MOCK_10428,order_MOCK_10428,order_MOCK_10428,2026-08-27T09:00:00.000Z,22993,Apex Retail Enterprises,pending
RUN-SEED-mt4l32y2,LED-order_MOCK_10429,order_MOCK_10429,order_MOCK_10429,2026-08-27T09:00:00.000Z,4898,Zephyr Apparel Retail,pending
RUN-SEED-mt4l32y2,LED-order_MOCK_10430,order_MOCK_10430,order_MOCK_10430,2026-08-27T09:00:00.000Z,34749,Indus Digital Media,pending
RUN-SEED-mt4l32y2,LED-order_MOCK_10431,order_MOCK_10431,order_MOCK_10431,2026-08-27T09:00:00.000Z,31936,Starlight Media Works,pending
RUN-SEED-mt4l32y2,LED-order_MOCK_10432,order_MOCK_10432,order_MOCK_10432,2026-08-27T09:00:00.000Z,2478,Hyperion Financial Advisors,pending
RUN-SEED-mt4l32y2,LED-order_MOCK_10433,order_MOCK_10433,order_MOCK_10433,2026-08-27T09:00:00.000Z,2475,BlueHorizon Aerospace,pending
RUN-SEED-mt4l32y2,LED-order_MOCK_10434,order_MOCK_10434,order_MOCK_10434,2026-08-27T09:00:00.000Z,29473,MetroMart Groceries,pending
RUN-SEED-mt4l32y2,LED-order_MOCK_10435,order_MOCK_10435,order_MOCK_10435,2026-08-27T09:00:00.000Z,-37871,UrbanCraft Furniture,pending
RUN-SEED-mt4l32y2,LED-order_MOCK_10437,order_MOCK_10437,order_MOCK_10437,2026-08-27T09:00:00.000Z,14614,Paramount Engineering Works,pending
RUN-SEED-mt4l32y2,LED-order_MOCK_10438,order_MOCK_10438,order_MOCK_10438,2026-08-27T09:00:00.000Z,5357,Acme Tech India Pvt Ltd,pending
RUN-SEED-mt4l32y2,LED-order_MOCK_10439,order_MOCK_10439,order_MOCK_10439,2026-08-27T09:00:00.000Z,7130,Paramount Engineering Works,pending
RUN-SEED-mt4l32y2,LED-order_MOCK_10440,order_MOCK_10440,order_MOCK_10440,2026-08-27T09:00:00.000Z,32944,MetroMart Groceries,pending
RUN-SEED-mt4l32y2,LED-order_MOCK_10441,order_MOCK_10441,order_MOCK_10441,2026-08-27T09:00:00.000Z,17947,Acme Tech India Pvt Ltd,pending
RUN-SEED-mt4l32y2,LED-order_MOCK_10442,order_MOCK_10442,order_MOCK_10442,2026-08-27T09:00:00.000Z,13926,Apex Retail Enterprises,pending
RUN-SEED-mt4l32y2,LED-order_MOCK_10443,order_MOCK_10443,order_MOCK_10443,2026-08-27T09:00:00.000Z,30787,Indus Digital Media,pending
RUN-SEED-mt4l32y2,LED-order_MOCK_10444,order_MOCK_10444,order_MOCK_10444,2026-08-27T09:00:00.000Z,13547,Zephyr Apparel Retail,pending
RUN-SEED-mt4l32y2,LED-order_MOCK_10445,order_MOCK_10445,order_MOCK_10445,2026-08-27T09:00:00.000Z,9974,Starlight Media Works,pending
RUN-SEED-mt4l32y2,LED-order_MOCK_10446,order_MOCK_10446,order_MOCK_10446,2026-08-27T09:00:00.000Z,23798,Spectra Biotech Labs,pending
RUN-SEED-mt4l32y2,LED-order_MOCK_10447,order_MOCK_10447,order_MOCK_10447,2026-08-27T09:00:00.000Z,25665,Kaveri Consumer Goods,pending
RUN-SEED-mt4l32y2,LED-order_MOCK_10448,order_MOCK_10448,order_MOCK_10448,2026-08-27T09:00:00.000Z,28777,Spectra Biotech Labs,pending
RUN-SEED-mt4l32y2,LED-order_MOCK_10449,order_MOCK_10449,order_MOCK_10449,2026-08-27T09:00:00.000Z,28049,Orion Consulting Partners,pending
RUN-SEED-mt4l32y2,LED-order_MOCK_10450,order_MOCK_10450,order_MOCK_10450,2026-08-27T09:00:00.000Z,21015,Apex Retail Enterprises,pending
RUN-SEED-mt4l32y2,LED-order_MOCK_10451,order_MOCK_10451,order_MOCK_10451,2026-08-29T09:00:00.000Z,33072,Acme Tech India Pvt Ltd,pending
RUN-SEED-mt4l32y2,LED-order_MOCK_10452,order_MOCK_10452,order_MOCK_10452,2026-08-29T09:00:00.000Z,7907,Orion Consulting Partners,pending
RUN-SEED-mt4l32y2,LED-order_MOCK_10453,order_MOCK_10453,order_MOCK_10453,2026-08-29T09:00:00.000Z,24509,Zephyr Apparel Retail,pending
RUN-SEED-mt4l32y2,LED-order_MOCK_10454,order_MOCK_10454,order_MOCK_10454,2026-08-29T09:00:00.000Z,34068,Zenith Cloud Solutions,pending
RUN-SEED-mt4l32y2,LED-order_MOCK_10455,order_MOCK_10455,order_MOCK_10455,2026-08-29T09:00:00.000Z,26879,Apex Retail Enterprises,pending
RUN-SEED-mt4l32y2,LED-order_MOCK_10456,order_MOCK_10456,order_MOCK_10456,2026-08-29T09:00:00.000Z,19492,Crestview Automotive Spares,pending
RUN-SEED-mt4l32y2,LED-order_MOCK_10457,order_MOCK_10457,order_MOCK_10457,2026-08-29T09:00:00.000Z,6650,Solaria Renewable Energy,pending
RUN-SEED-mt4l32y2,LED-order_MOCK_10458,order_MOCK_10458,order_MOCK_10458,2026-08-29T09:00:00.000Z,32143,Solaria Renewable Energy,pending
RUN-SEED-mt4l32y2,LED-order_MOCK_10459,order_MOCK_10459,order_MOCK_10459,2026-08-29T09:00:00.000Z,24074,Solaria Renewable Energy,pending
RUN-SEED-mt4l32y2,LED-order_MOCK_10460,order_MOCK_10460,order_MOCK_10460,2026-08-29T09:00:00.000Z,2766,Nexus Logistics LLP,pending
RUN-SEED-mt4l32y2,LED-order_MOCK_10461,order_MOCK_10461,order_MOCK_10461,2026-08-29T09:00:00.000Z,22920,Indus Digital Media,pending
RUN-SEED-mt4l32y2,LED-order_MOCK_10462,order_MOCK_10462,order_MOCK_10462,2026-08-29T09:00:00.000Z,21117,BlueHorizon Aerospace,pending
RUN-SEED-mt4l32y2,LED-order_MOCK_10463,order_MOCK_10463,order_MOCK_10463,2026-08-29T09:00:00.000Z,23752,Nexus Logistics LLP,pending
RUN-SEED-mt4l32y2,LED-order_MOCK_10464,order_MOCK_10464,order_MOCK_10464,2026-08-29T09:00:00.000Z,35264,Zephyr Apparel Retail,pending
RUN-SEED-mt4l32y2,LED-order_MOCK_10465,order_MOCK_10465,order_MOCK_10465,2026-08-29T09:00:00.000Z,29523,Hyperion Financial Advisors,pending
RUN-SEED-mt4l32y2,LED-order_MOCK_10466,order_MOCK_10466,order_MOCK_10466,2026-08-29T09:00:00.000Z,3399,InfraPulse Networks,pending
RUN-SEED-mt4l32y2,LED-order_MOCK_10467,order_MOCK_10467,order_MOCK_10467,2026-08-29T09:00:00.000Z,16576,Kaveri Consumer Goods,pending
RUN-SEED-mt4l32y2,LED-order_MOCK_10468,order_MOCK_10468,order_MOCK_10468,2026-08-29T09:00:00.000Z,-21675,Titan Global Corp,pending
RUN-SEED-mt4l32y2,LED-order_MOCK_10469,order_MOCK_10469,order_MOCK_10469,2026-08-29T09:00:00.000Z,29722,Indus Digital Media,pending
RUN-SEED-mt4l32y2,LED-order_MOCK_10470,order_MOCK_10470,order_MOCK_10470,2026-08-29T09:00:00.000Z,19377,UrbanCraft Furniture,pending
RUN-SEED-mt4l32y2,LED-order_MOCK_10472,order_MOCK_10472,order_MOCK_10472,2026-08-29T09:00:00.000Z,24368,UrbanCraft Furniture,pending
RUN-SEED-mt4l32y2,LED-order_MOCK_10473,order_MOCK_10473,order_MOCK_10473,2026-08-29T09:00:00.000Z,16456,Orion Consulting Partners,pending
RUN-SEED-mt4l32y2,LED-order_MOCK_10474,order_MOCK_10474,order_MOCK_10474,2026-08-29T09:00:00.000Z,11896,Indus Digital Media,pending
RUN-SEED-mt4l32y2,LED-order_MOCK_10475,order_MOCK_10475,order_MOCK_10475,2026-08-29T09:00:00.000Z,13381,Paramount Engineering Works,pending
RUN-SEED-mt4l32y2,LED-order_MOCK_10476,order_MOCK_10476,order_MOCK_10476,2026-08-29T09:00:00.000Z,22248,Acme Tech India Pvt Ltd,pending
RUN-SEED-mt4l32y2,LED-order_MOCK_10477,order_MOCK_10477,order_MOCK_10477,2026-08-29T09:00:00.000Z,12667,Crestview Automotive Spares,pending
RUN-SEED-mt4l32y2,LED-order_MOCK_10478,order_MOCK_10478,order_MOCK_10478,2026-08-29T09:00:00.000Z,25623,Indus Digital Media,pending
RUN-SEED-mt4l32y2,LED-order_MOCK_10479,order_MOCK_10479,order_MOCK_10479,2026-08-29T09:00:00.000Z,23779,BlueHorizon Aerospace,pending
RUN-SEED-mt4l32y2,LED-order_MOCK_10480,order_MOCK_10480,order_MOCK_10480,2026-08-29T09:00:00.000Z,-3929,Acme Tech India Pvt Ltd,pending
RUN-SEED-mt4l32y2,LED-order_MOCK_10481,order_MOCK_10481,order_MOCK_10481,2026-08-29T09:00:00.000Z,12824,Titan Global Corp,pending
RUN-SEED-mt4l32y2,LED-order_MOCK_10482,order_MOCK_10482,order_MOCK_10482,2026-08-29T09:00:00.000Z,3101,Vanguard Healthcare Systems,pending
RUN-SEED-mt4l32y2,LED-order_MOCK_10483,order_MOCK_10483,order_MOCK_10483,2026-08-29T09:00:00.000Z,32559,Indus Digital Media,pending
RUN-SEED-mt4l32y2,LED-order_MOCK_10484,order_MOCK_10484,order_MOCK_10484,2026-08-29T09:00:00.000Z,36477,InfraPulse Networks,pending
RUN-SEED-mt4l32y2,LED-order_MOCK_10485,order_MOCK_10485,order_MOCK_10485,2026-08-31T09:00:00.000Z,27744,Acme Tech India Pvt Ltd,pending
RUN-SEED-mt4l32y2,LED-order_MOCK_10486,order_MOCK_10486,order_MOCK_10486,2026-08-31T09:00:00.000Z,-23607,MetroMart Groceries,pending
RUN-SEED-mt4l32y2,LED-order_MOCK_10487,order_MOCK_10487,order_MOCK_10487,2026-08-31T09:00:00.000Z,8672,Zephyr Apparel Retail,pending
RUN-SEED-mt4l32y2,LED-order_MOCK_10488,order_MOCK_10488,order_MOCK_10488,2026-08-31T09:00:00.000Z,19716,MetroMart Groceries,pending
RUN-SEED-mt4l32y2,LED-order_MOCK_10489,order_MOCK_10489,order_MOCK_10489,2026-08-31T09:00:00.000Z,11858,Indus Digital Media,pending
RUN-SEED-mt4l32y2,LED-order_MOCK_10490,order_MOCK_10490,order_MOCK_10490,2026-08-31T09:00:00.000Z,33564,UrbanCraft Furniture,pending
RUN-SEED-mt4l32y2,LED-order_MOCK_10491,order_MOCK_10491,order_MOCK_10491,2026-08-31T09:00:00.000Z,29887,Zenith Cloud Solutions,pending
RUN-SEED-mt4l32y2,LED-order_MOCK_10493,order_MOCK_10493,order_MOCK_10493,2026-08-31T09:00:00.000Z,17391,Paramount Engineering Works,pending
RUN-SEED-mt4l32y2,LED-order_MOCK_10494,order_MOCK_10494,order_MOCK_10494,2026-08-31T09:00:00.000Z,28890,Solaria Renewable Energy,pending
RUN-SEED-mt4l32y2,LED-order_MOCK_10495,order_MOCK_10495,order_MOCK_10495,2026-08-31T09:00:00.000Z,26583,Nexus Logistics LLP,pending
RUN-SEED-mt4l32y2,LED-order_MOCK_10496,order_MOCK_10496,order_MOCK_10496,2026-08-31T09:00:00.000Z,-12369,Vanguard Healthcare Systems,pending
RUN-SEED-mt4l32y2,LED-order_MOCK_10497,order_MOCK_10497,order_MOCK_10497,2026-08-31T09:00:00.000Z,31790,InfraPulse Networks,pending
RUN-SEED-mt4l32y2,LED-order_MOCK_10498,order_MOCK_10498,order_MOCK_10498,2026-08-31T09:00:00.000Z,27050,Indus Digital Media,pending
RUN-SEED-mt4l32y2,LED-order_MOCK_10499,order_MOCK_10499,order_MOCK_10499,2026-08-31T09:00:00.000Z,1663,Nexus Logistics LLP,pending
RUN-SEED-mt4l32y2,LED-order_MOCK_10500,order_MOCK_10500,order_MOCK_10500,2026-08-31T09:00:00.000Z,28230,Nexus Logistics LLP,pending
RUN-SEED-mt4l32y2,LED-order_MOCK_10501,order_MOCK_10501,order_MOCK_10501,2026-08-31T09:00:00.000Z,22373,Kaveri Consumer Goods,pending
RUN-SEED-mt4l32y2,LED-order_MOCK_10503,order_MOCK_10503,order_MOCK_10503,2026-08-31T09:00:00.000Z,8383,Titan Global Corp,pending
RUN-SEED-mt4l32y2,LED-order_MOCK_10504,order_MOCK_10504,order_MOCK_10504,2026-08-31T09:00:00.000Z,7377,Hyperion Financial Advisors,pending
RUN-SEED-mt4l32y2,LED-order_MOCK_10505,order_MOCK_10505,order_MOCK_10505,2026-08-31T09:00:00.000Z,27470,BlueHorizon Aerospace,pending
RUN-SEED-mt4l32y2,LED-order_MOCK_10506,order_MOCK_10506,order_MOCK_10506,2026-08-31T09:00:00.000Z,29453,Orion Consulting Partners,pending
RUN-SEED-mt4l32y2,LED-order_MOCK_10507,order_MOCK_10507,order_MOCK_10507,2026-08-31T09:00:00.000Z,19991,Kaveri Consumer Goods,pending
RUN-SEED-mt4l32y2,LED-order_MOCK_10508,order_MOCK_10508,order_MOCK_10508,2026-08-31T09:00:00.000Z,-34729,InfraPulse Networks,pending
RUN-SEED-mt4l32y2,LED-order_MOCK_10509,order_MOCK_10509,order_MOCK_10509,2026-08-31T09:00:00.000Z,19824,Hyperion Financial Advisors,pending
RUN-SEED-mt4l32y2,LED-order_MOCK_10510,order_MOCK_10510,order_MOCK_10510,2026-08-31T09:00:00.000Z,26489,Zenith Cloud Solutions,pending
RUN-SEED-mt4l32y2,LED-order_MOCK_10511,order_MOCK_10511,order_MOCK_10511,2026-08-31T09:00:00.000Z,14406,Acme Tech India Pvt Ltd,pending
RUN-SEED-mt4l32y2,LED-order_MOCK_10512,order_MOCK_10512,order_MOCK_10512,2026-08-31T09:00:00.000Z,21798,InfraPulse Networks,pending
RUN-SEED-mt4l32y2,LED-order_MOCK_10513,order_MOCK_10513,order_MOCK_10513,2026-08-31T09:00:00.000Z,28155,Apex Retail Enterprises,pending
RUN-SEED-mt4l32y2,LED-order_MOCK_10514,order_MOCK_10514,order_MOCK_10514,2026-08-31T09:00:00.000Z,9012,Hyperion Financial Advisors,pending
RUN-SEED-mt4l32y2,LED-order_MOCK_10515,order_MOCK_10515,order_MOCK_10515,2026-08-31T09:00:00.000Z,25000,Titan Global Corp,pending
RUN-SEED-mt4l32y2,LED-order_MOCK_10516,order_MOCK_10516,order_MOCK_10516,2026-08-31T09:00:00.000Z,37611,Hyperion Financial Advisors,pending