run_id,settlement_id,payment_id,order_id,type,amount,fee,tax,debit,credit,net_amount,currency,settled_at,unpacked_status,variance_category
RUN-SEED-mt4l32y2,setl_DGlQ101os78Ec,pay_N0920001,order_MOCK_10001,payment,30932,618.64,111.36,730,30932,30202,INR,2026-08-03T09:00:00.000Z,pending,mdr_fee
RUN-SEED-mt4l32y2,setl_DGlQ101os78Ec,pay_N0920002,order_MOCK_10002,payment,28888,577.76,104,681.76,28888,28206.24,INR,2026-08-03T09:00:00.000Z,pending,mdr_fee
RUN-SEED-mt4l32y2,setl_DGlQ101os78Ec,pay_N0920003,order_MOCK_10003,payment,3933,78.66,14.16,92.82,3933,3840.18,INR,2026-08-03T09:00:00.000Z,pending,mdr_fee
RUN-SEED-mt4l32y2,setl_DGlQ101os78Ec,pay_N0920004,order_MOCK_10004,payment,17587,351.74,63.31,415.05,17587,17171.95,INR,2026-08-03T09:00:00.000Z,pending,mdr_fee
RUN-SEED-mt4l32y2,setl_DGlQ101os78Ec,pay_N0920005,order_MOCK_10005,payment,34387,687.74,123.79,811.53,34387,33575.47,INR,2026-08-03T09:00:00.000Z,pending,mdr_fee
RUN-SEED-mt4l32y2,setl_DGlQ101os78Ec,pay_N0920006,order_MOCK_10006,payment,21647,432.94,77.93,510.87,21647,21136.13,INR,2026-08-03T09:00:00.000Z,pending,mdr_fee
RUN-SEED-mt4l32y2,setl_DGlQ101os78Ec,pay_N0920007,order_MOCK_10007,payment,17977,359.54,64.72,424.26,17977,17552.74,INR,2026-08-03T09:00:00.000Z,pending,mdr_fee
RUN-SEED-mt4l32y2,setl_DGlQ101os78Ec,pay_N0920008,order_MOCK_10008,payment,29977,599.54,107.92,707.46,29977,29269.54,INR,2026-08-03T09:00:00.000Z,pending,mdr_fee
RUN-SEED-mt4l32y2,setl_DGlQ101os78Ec,pay_N0920009,order_MOCK_10009,payment,23437,468.74,84.37,553.11,23437,22883.89,INR,2026-08-03T09:00:00.000Z,pending,mdr_fee
RUN-SEED-mt4l32y2,setl_DGlQ101os78Ec,pay_N0920010,order_MOCK_10010,payment,20089,401.78,72.32,474.1,20089,19614.9,INR,2026-08-03T09:00:00.000Z,pending,mdr_fee
RUN-SEED-mt4l32y2,setl_DGlQ101os78Ec,pay_N0920011,order_MOCK_10011,payment,18415,368.3,66.29,434.59,18415,17980.41,INR,2026-08-03T09:00:00.000Z,pending,mdr_fee
RUN-SEED-mt4l32y2,setl_DGlQ101os78Ec,pay_N0920012,order_MOCK_10012,payment,1748,34.96,6.29,41.25,1748,1706.75,INR,2026-08-03T09:00:00.000Z,pending,mdr_fee
RUN-SEED-mt4l32y2,setl_DGlQ101os78Ec,pay_N0920013,order_MOCK_10013,payment,20513,410.26,73.85,484.11,20513,20028.89,INR,2026-08-03T09:00:00.000Z,pending,mdr_fee
RUN-SEED-mt4l32y2,setl_DGlQ101os78Ec,pay_N0920014,order_MOCK_10014,payment,28065,561.3,101.03,662.33,28065,27402.67,INR,2026-08-03T09:00:00.000Z,pending,mdr_fee
RUN-SEED-mt4l32y2,setl_DGlQ101os78Ec,pay_N0920015,order_MOCK_10015,payment,21281,425.62,76.61,502.23,21281,20778.77,INR,2026-08-03T09:00:00.000Z,pending,mdr_fee
RUN-SEED-mt4l32y2,setl_DGlQ101os78Ec,pay_N0920016,order_MOCK_10016,payment,2677,53.54,9.64,63.18,2677,2613.82,INR,2026-08-03T09:00:00.000Z,pending,mdr_fee
RUN-SEED-mt4l32y2,setl_DGlQ101os78Ec,pay_N0920017,order_MOCK_10017,payment,32926,658.52,118.53,777.05,32926,32148.95,INR,2026-08-03T09:00:00.000Z,pending,mdr_fee
RUN-SEED-mt4l32y2,setl_DGlQ101os78Ec,pay_N0920018,order_MOCK_10018,payment,30713,614.26,110.57,724.83,30713,29988.17,INR,2026-08-03T09:00:00.000Z,pending,mdr_fee
RUN-SEED-mt4l32y2,setl_DGlQ101os78Ec,pay_N0920019,order_MOCK_10019,payment,12824,256.48,46.17,302.65,12824,12521.35,INR,2026-08-03T09:00:00.000Z,pending,mdr_fee
RUN-SEED-mt4l32y2,setl_DGlQ101os78Ec,pay_N0920020,order_MOCK_10020,payment,21042,420.84,75.75,496.59,21042,20545.41,INR,2026-08-03T09:00:00.000Z,pending,mdr_fee
RUN-SEED-mt4l32y2,setl_DGlQ101os78Ec,pay_N0920021,order_MOCK_10021,payment,29909,598.18,107.67,705.85,29909,29203.15,INR,2026-08-03T09:00:00.000Z,pending,mdr_fee
RUN-SEED-mt4l32y2,setl_DGlQ101os78Ec,pay_N0920022,order_MOCK_10022,payment,22421,448.42,80.72,529.14,22421,21891.86,INR,2026-08-03T09:00:00.000Z,pending,mdr_fee
RUN-SEED-mt4l32y2,setl_DGlQ101os78Ec,pay_N0920023,order_MOCK_10023,payment,20020,400.4,72.07,472.47,20020,19547.53,INR,2026-08-03T09:00:00.000Z,pending,mdr_fee
RUN-SEED-mt4l32y2,setl_DGlQ101os78Ec,pay_N0920024,order_MOCK_10024,payment,20046,400.92,72.17,473.09,20046,19572.91,INR,2026-08-03T09:00:00.000Z,pending,mdr_fee
RUN-SEED-mt4l32y2,setl_DGlQ101os78Ec,pay_N0920025,order_MOCK_10025,payment,23388,467.76,84.2,551.96,23388,22836.04,INR,2026-08-03T09:00:00.000Z,pending,mdr_fee
RUN-SEED-mt4l32y2,setl_DGlQ101os78Ec,pay_N0920026,order_MOCK_10026,payment,10755,215.1,38.72,253.82,10755,10501.18,INR,2026-08-03T09:00:00.000Z,pending,mdr_fee
RUN-SEED-mt4l32y2,setl_DGlQ101os78Ec,pay_N0920027,order_MOCK_10027,refund,-24530,0,0,24530,0,-24530,INR,2026-08-03T09:00:00.000Z,pending,refund_deduction
RUN-SEED-mt4l32y2,setl_DGlQ101os78Ec,pay_N0920028,order_MOCK_10028,payment,9719,194.38,34.99,229.37,9719,9489.63,INR,2026-08-03T09:00:00.000Z,pending,mdr_fee
RUN-SEED-mt4l32y2,setl_DGlQ101os78Ec,pay_N0920029,order_MOCK_10029,payment,21222,424.44,76.4,500.84,21222,20721.16,INR,2026-08-03T09:00:00.000Z,pending,mdr_fee
RUN-SEED-mt4l32y2,setl_DGlQ101os78Ec,pay_N0920030,order_MOCK_10030,payment,7111,142.22,25.6,167.82,7111,6943.18,INR,2026-08-03T09:00:00.000Z,pending,mdr_fee
RUN-SEED-mt4l32y2,setl_DGlQ101os78Ec,pay_N0920031,order_MOCK_10031,payment,1847,36.94,6.65,43.59,1847,1803.41,INR,2026-08-03T09:00:00.000Z,pending,mdr_fee
RUN-SEED-mt4l32y2,setl_DGlQ101os78Ec,pay_N0920032,order_MOCK_10032,payment,26132,522.64,94.08,616.72,26132,25515.28,INR,2026-08-03T09:00:00.000Z,pending,mdr_fee
RUN-SEED-mt4l32y2,setl_DGlQ102os78Ec,pay_N0920033,order_MOCK_10033,payment,18810,376.2,67.72,443.92,18810,18366.08,INR,2026-08-05T09:00:00.000Z,pending,mdr_fee
RUN-SEED-mt4l32y2,setl_DGlQ102os78Ec,pay_N0920034,order_MOCK_10034,payment,11697,233.94,42.11,276.05,11697,11420.95,INR,2026-08-05T09:00:00.000Z,pending,mdr_fee
RUN-SEED-mt4l32y2,setl_DGlQ102os78Ec,pay_N0920035,order_MOCK_10035,payment,37936,758.72,136.57,895.29,37936,37040.71,INR,2026-08-05T09:00:00.000Z,pending,mdr_fee
RUN-SEED-mt4l32y2,setl_DGlQ102os78Ec,pay_N0920036,order_MOCK_10036,payment,19041,380.82,68.55,449.37,19041,18591.63,INR,2026-08-05T09:00:00.000Z,pending,mdr_fee
RUN-SEED-mt4l32y2,setl_DGlQ102os78Ec,pay_N0920037,order_MOCK_10037,payment,20578,411.56,74.08,485.64,20578,20092.36,INR,2026-08-05T09:00:00.000Z,pending,mdr_fee
RUN-SEED-mt4l32y2,setl_DGlQ102os78Ec,pay_N0920038,order_MOCK_10038,payment,6636,132.72,23.89,156.61,6636,6479.39,INR,2026-08-05T09:00:00.000Z,pending,mdr_fee
RUN-SEED-mt4l32y2,setl_DGlQ102os78Ec,pay_N0920039,order_MOCK_10039,payment,2906,58.12,10.46,68.58,2906,2837.42,INR,2026-08-05T09:00:00.000Z,pending,mdr_fee
RUN-SEED-mt4l32y2,setl_DGlQ102os78Ec,pay_N0920040,order_MOCK_10040,payment,3283,65.66,11.82,77.48,3283,3205.52,INR,2026-08-05T09:00:00.000Z,pending,mdr_fee
RUN-SEED-mt4l32y2,setl_DGlQ102os78Ec,pay_N0920041,order_MOCK_10041,payment,9360,187.2,33.7,220.9,9360,9139.1,INR,2026-08-05T09:00:00.000Z,pending,mdr_fee
RUN-SEED-mt4l32y2,setl_DGlQ102os78Ec,pay_N0920042,order_MOCK_10042,payment,29613,592.26,106.61,698.87,29613,28914.13,INR,2026-08-05T09:00:00.000Z,pending,mdr_fee
RUN-SEED-mt4l32y2,setl_DGlQ102os78Ec,pay_N0920043,order_MOCK_10043,payment,13662,273.24,49.18,322.42,13662,13339.58,INR,2026-08-05T09:00:00.000Z,pending,mdr_fee
RUN-SEED-mt4l32y2,setl_DGlQ102os78Ec,pay_N0920044,order_MOCK_10044,payment,19348,386.96,69.65,456.61,19348,18891.39,INR,2026-08-05T09:00:00.000Z,pending,mdr_fee
RUN-SEED-mt4l32y2,setl_DGlQ102os78Ec,pay_N0920045,order_MOCK_10045,payment,16476,329.52,59.31,388.83,16476,16087.17,INR,2026-08-05T09:00:00.000Z,pending,mdr_fee
RUN-SEED-mt4l32y2,setl_DGlQ102os78Ec,pay_N0920046,order_MOCK_10046,payment,32894,657.88,118.42,776.3,32894,32117.7,INR,2026-08-05T09:00:00.000Z,pending,mdr_fee
RUN-SEED-mt4l32y2,setl_DGlQ102os78Ec,pay_N0920047,order_MOCK_10047,payment,36265,725.3,130.55,855.85,36265,35409.15,INR,2026-08-05T09:00:00.000Z,pending,mdr_fee
RUN-SEED-mt4l32y2,setl_DGlQ102os78Ec,pay_N0920048,order_MOCK_10048,payment,30928,618.56,111.34,729.9,30928,30198.1,INR,2026-08-05T09:00:00.000Z,pending,mdr_fee
RUN-SEED-mt4l32y2,setl_DGlQ102os78Ec,pay_N0920049,order_MOCK_10049,payment,29965,599.3,107.87,707.17,29965,29257.83,INR,2026-08-05T09:00:00.000Z,pending,mdr_fee
RUN-SEED-mt4l32y2,setl_DGlQ102os78Ec,pay_N0920050,order_MOCK_10050,payment,14042,280.84,50.55,331.39,14042,13710.61,INR,2026-08-05T09:00:00.000Z,pending,mdr_fee
RUN-SEED-mt4l32y2,setl_DGlQ102os78Ec,pay_N0920051,order_MOCK_10051,payment,4102,82.04,14.77,96.81,4102,4005.19,INR,2026-08-05T09:00:00.000Z,pending,mdr_fee
RUN-SEED-mt4l32y2,setl_DGlQ102os78Ec,pay_N0920052,order_MOCK_10052,payment,35961,719.22,129.46,848.68,35961,35112.32,INR,2026-08-05T09:00:00.000Z,pending,mdr_fee
RUN-SEED-mt4l32y2,setl_DGlQ102os78Ec,pay_N0920053,order_MOCK_10053,payment,28506,570.12,102.62,672.74,28506,27833.26,INR,2026-08-05T09:00:00.000Z,pending,mdr_fee
RUN-SEED-mt4l32y2,setl_DGlQ102os78Ec,pay_N0920054,order_MOCK_10054,payment,15130,302.6,54.47,357.07,15130,14772.93,INR,2026-08-05T09:00:00.000Z,pending,mdr_fee
RUN-SEED-mt4l32y2,setl_DGlQ102os78Ec,pay_N0920055,order_MOCK_10055,payment,20962,419.24,75.46,494.7,20962,20467.3,INR,2026-08-05T09:00:00.000Z,pending,mdr_fee
RUN-SEED-mt4l32y2,setl_DGlQ102os78Ec,pay_N0920056,order_MOCK_10056,payment,23674,473.48,85.23,558.71,23674,23115.29,INR,2026-08-05T09:00:00.000Z,pending,mdr_fee
RUN-SEED-mt4l32y2,setl_DGlQ102os78Ec,pay_N0920057,order_MOCK_10057,payment,3591,71.82,12.93,84.75,3591,3506.25,INR,2026-08-05T09:00:00.000Z,pending,mdr_fee
RUN-SEED-mt4l32y2,setl_DGlQ102os78Ec,pay_N0920058,order_MOCK_10058,payment,4191,83.82,15.09,98.91,4191,4092.09,INR,2026-08-05T09:00:00.000Z,pending,mdr_fee
RUN-SEED-mt4l32y2,setl_DGlQ102os78Ec,pay_N0920059,order_MOCK_10059,payment,26288,525.76,94.64,620.4,26288,25667.6,INR,2026-08-05T09:00:00.000Z,pending,mdr_fee
RUN-SEED-mt4l32y2,setl_DGlQ102os78Ec,pay_N0920060,order_MOCK_10060,refund,-23719,0,0,23719,0,-23719,INR,2026-08-05T09:00:00.000Z,pending,refund_deduction
RUN-SEED-mt4l32y2,setl_DGlQ102os78Ec,pay_N0920061,order_MOCK_10061,payment,33014,660.28,118.85,779.13,33014,32234.87,INR,2026-08-05T09:00:00.000Z,pending,mdr_fee
RUN-SEED-mt4l32y2,setl_DGlQ102os78Ec,pay_N0920062,order_MOCK_10062,payment,30457,609.14,109.65,718.79,30457,29738.21,INR,2026-08-05T09:00:00.000Z,pending,mdr_fee
RUN-SEED-mt4l32y2,setl_DGlQ102os78Ec,pay_N0920063,order_MOCK_10063,payment,20568,411.36,74.04,485.4,20568,20082.6,INR,2026-08-05T09:00:00.000Z,pending,mdr_fee
RUN-SEED-mt4l32y2,setl_DGlQ102os78Ec,pay_N0920064,order_MOCK_10064,payment,34423,688.46,123.92,812.38,34423,33610.62,INR,2026-08-05T09:00:00.000Z,pending,mdr_fee
RUN-SEED-mt4l32y2,setl_DGlQ102os78Ec,pay_N0920065,order_MOCK_10065,payment,14523,290.46,52.28,342.74,14523,14180.26,INR,2026-08-05T09:00:00.000Z,pending,mdr_fee
RUN-SEED-mt4l32y2,setl_DGlQ102os78Ec,pay_N0920066,order_MOCK_10066,payment,34311,686.22,123.52,809.74,34311,33501.26,INR,2026-08-05T09:00:00.000Z,pending,mdr_fee
RUN-SEED-mt4l32y2,setl_DGlQ102os78Ec,pay_N0920067,order_MOCK_10067,payment,10755,215.1,38.72,253.82,10755,10501.18,INR,2026-08-05T09:00:00.000Z,pending,mdr_fee
RUN-SEED-mt4l32y2,setl_DGlQ102os78Ec,pay_N0920068,order_MOCK_10068,payment,29144,582.88,104.92,687.8,29144,28456.2,INR,2026-08-05T09:00:00.000Z,pending,mdr_fee
RUN-SEED-mt4l32y2,setl_DGlQ103os78Ec,pay_N0920069,order_MOCK_10069,payment,23313,466.26,83.93,550.19,23313,22762.81,INR,2026-08-07T09:00:00.000Z,pending,mdr_fee
RUN-SEED-mt4l32y2,setl_DGlQ103os78Ec,pay_N0920070,order_MOCK_10070,payment,9145,182.9,32.92,215.82,9145,8929.18,INR,2026-08-07T09:00:00.000Z,pending,mdr_fee
RUN-SEED-mt4l32y2,setl_DGlQ103os78Ec,pay_N0920071,order_MOCK_10071,payment,16620,332.4,59.83,392.23,16620,16227.77,INR,2026-08-07T09:00:00.000Z,pending,mdr_fee
RUN-SEED-mt4l32y2,setl_DGlQ103os78Ec,pay_N0920072,order_MOCK_10072,payment,32331,646.62,116.39,763.01,32331,31567.99,INR,2026-08-07T09:00:00.000Z,pending,mdr_fee
RUN-SEED-mt4l32y2,setl_DGlQ103os78Ec,pay_N0920073,order_MOCK_10073,payment,1236,24.72,4.45,29.17,1236,1206.83,INR,2026-08-07T09:00:00.000Z,pending,mdr_fee
RUN-SEED-mt4l32y2,setl_DGlQ103os78Ec,pay_N0920074,order_MOCK_10074,payment,1443,28.86,5.19,34.05,1443,1408.95,INR,2026-08-07T09:00:00.000Z,pending,mdr_fee
RUN-SEED-mt4l32y2,setl_DGlQ103os78Ec,pay_N0920075,order_MOCK_10075,refund,-37179,0,0,37179,0,-37179,INR,2026-08-07T09:00:00.000Z,pending,refund_deduction
RUN-SEED-mt4l32y2,setl_DGlQ103os78Ec,pay_N0920076,order_MOCK_10076,payment,3458,69.16,12.45,81.61,3458,3376.39,INR,2026-08-07T09:00:00.000Z,pending,mdr_fee
RUN-SEED-mt4l32y2,setl_DGlQ103os78Ec,pay_N0920077,order_MOCK_10077,payment,2790,55.8,10.04,65.84,2790,2724.16,INR,2026-08-07T09:00:00.000Z,pending,mdr_fee
RUN-SEED-mt4l32y2,setl_DGlQ103os78Ec,pay_N0920078,order_MOCK_10078,payment,1246,24.92,4.49,29.41,1246,1216.59,INR,2026-08-07T09:00:00.000Z,pending,mdr_fee
RUN-SEED-mt4l32y2,setl_DGlQ103os78Ec,pay_N0920079,order_MOCK_10079,payment,13372,267.44,48.14,315.58,13372,13056.42,INR,2026-08-07T09:00:00.000Z,pending,mdr_fee
RUN-SEED-mt4l32y2,setl_DGlQ103os78Ec,pay_N0920080,order_MOCK_10080,payment,32432,648.64,116.76,765.4,32432,31666.6,INR,2026-08-07T09:00:00.000Z,pending,mdr_fee
RUN-SEED-mt4l32y2,setl_DGlQ103os78Ec,pay_N0920081,order_MOCK_10081,payment,15546,310.92,55.97,366.89,15546,15179.11,INR,2026-08-07T09:00:00.000Z,pending,mdr_fee
RUN-SEED-mt4l32y2,setl_DGlQ103os78Ec,pay_N0920082,order_MOCK_10082,payment,8695,173.9,31.3,205.2,8695,8489.8,INR,2026-08-07T09:00:00.000Z,pending,mdr_fee
RUN-SEED-mt4l32y2,setl_DGlQ103os78Ec,pay_N0920083,order_MOCK_10083,payment,11340,226.8,40.82,267.62,11340,11072.38,INR,2026-08-07T09:00:00.000Z,pending,mdr_fee
RUN-SEED-mt4l32y2,setl_DGlQ103os78Ec,pay_N0920084,order_MOCK_10084,payment,11373,227.46,40.94,268.4,11373,11104.6,INR,2026-08-07T09:00:00.000Z,pending,mdr_fee
RUN-SEED-mt4l32y2,setl_DGlQ103os78Ec,pay_N0920085,order_MOCK_10085,payment,1296,25.92,4.67,30.59,1296,1265.41,INR,2026-08-07T09:00:00.000Z,pending,mdr_fee
RUN-SEED-mt4l32y2,setl_DGlQ103os78Ec,pay_N0920086,order_MOCK_10086,payment,1873,37.46,6.74,44.2,1873,1828.8,INR,2026-08-07T09:00:00.000Z,pending,mdr_fee
RUN-SEED-mt4l32y2,setl_DGlQ103os78Ec,pay_N0920087,order_MOCK_10087,payment,13977,279.54,50.32,329.86,13977,13647.14,INR,2026-08-07T09:00:00.000Z,pending,mdr_fee
RUN-SEED-mt4l32y2,setl_DGlQ103os78Ec,pay_N0920088,order_MOCK_10088,payment,21552,431.04,77.59,508.63,21552,21043.37,INR,2026-08-07T09:00:00.000Z,pending,mdr_fee
RUN-SEED-mt4l32y2,setl_DGlQ103os78Ec,pay_N0920089,order_MOCK_10089,payment,34029,680.58,122.5,803.08,34029,33225.92,INR,2026-08-07T09:00:00.000Z,pending,mdr_fee
RUN-SEED-mt4l32y2,setl_DGlQ103os78Ec,pay_N0920090,order_MOCK_10090,payment,4231,84.62,15.23,99.85,4231,4131.15,INR,2026-08-07T09:00:00.000Z,pending,mdr_fee
RUN-SEED-mt4l32y2,setl_DGlQ103os78Ec,pay_N0920091,order_MOCK_10091,payment,19252,385.04,69.31,454.35,19252,18797.65,INR,2026-08-07T09:00:00.000Z,pending,mdr_fee
RUN-SEED-mt4l32y2,setl_DGlQ103os78Ec,pay_N0920092,order_MOCK_10092,payment,12582,251.64,45.3,296.94,12582,12285.06,INR,2026-08-07T09:00:00.000Z,pending,mdr_fee
RUN-SEED-mt4l32y2,setl_DGlQ103os78Ec,pay_N0920093,order_MOCK_10093,payment,24383,487.66,87.78,575.44,24383,23807.56,INR,2026-08-07T09:00:00.000Z,pending,mdr_fee
RUN-SEED-mt4l32y2,setl_DGlQ103os78Ec,pay_N0920094,order_MOCK_10094,payment,24447,488.94,88.01,576.95,24447,23870.05,INR,2026-08-07T09:00:00.000Z,pending,mdr_fee
RUN-SEED-mt4l32y2,setl_DGlQ103os78Ec,pay_N0920095,order_MOCK_10095,payment,17340,346.8,62.42,409.22,17340,16930.78,INR,2026-08-07T09:00:00.000Z,pending,mdr_fee
RUN-SEED-mt4l32y2,setl_DGlQ103os78Ec,pay_N0920096,order_MOCK_10096,payment,10282,205.64,37.02,242.66,10282,10039.34,INR,2026-08-07T09:00:00.000Z,pending,mdr_fee
RUN-SEED-mt4l32y2,setl_DGlQ103os78Ec,pay_N0920097,order_MOCK_10097,payment,22665,453.3,81.59,534.89,22665,22130.11,INR,2026-08-07T09:00:00.000Z,pending,mdr_fee
RUN-SEED-mt4l32y2,setl_DGlQ103os78Ec,pay_N0920098,order_MOCK_10098,payment,37685,753.7,135.67,889.37,37685,36795.63,INR,2026-08-07T09:00:00.000Z,pending,mdr_fee
RUN-SEED-mt4l32y2,setl_DGlQ103os78Ec,pay_N0920099,order_MOCK_10099,payment,30917,618.34,111.3,729.64,30917,30187.36,INR,2026-08-07T09:00:00.000Z,pending,mdr_fee
RUN-SEED-mt4l32y2,setl_DGlQ103os78Ec,pay_N0920100,order_MOCK_10100,payment,9069,181.38,32.65,214.03,9069,8854.97,INR,2026-08-07T09:00:00.000Z,pending,mdr_fee
RUN-SEED-mt4l32y2,setl_DGlQ104os78Ec,pay_N0920101,order_MOCK_10101,payment,18960,379.2,68.26,447.46,18960,18512.54,INR,2026-08-09T09:00:00.000Z,pending,mdr_fee
RUN-SEED-mt4l32y2,setl_DGlQ104os78Ec,pay_N0920102,order_MOCK_10102,payment,3207,64.14,11.55,75.69,3207,3131.31,INR,2026-08-09T09:00:00.000Z,pending,mdr_fee
RUN-SEED-mt4l32y2,setl_DGlQ104os78Ec,pay_N0920103,order_MOCK_10103,payment,36830,736.6,132.59,869.19,36830,35960.81,INR,2026-08-09T09:00:00.000Z,pending,mdr_fee
RUN-SEED-mt4l32y2,setl_DGlQ104os78Ec,pay_N0920104,order_MOCK_10104,payment,34786,695.72,125.23,820.95,34786,33965.05,INR,2026-08-09T09:00:00.000Z,pending,mdr_fee
RUN-SEED-mt4l32y2,setl_DGlQ104os78Ec,pay_N0920105,order_MOCK_10105,payment,34046,680.92,122.57,803.49,34046,33242.51,INR,2026-08-09T09:00:00.000Z,pending,mdr_fee
RUN-SEED-mt4l32y2,setl_DGlQ104os78Ec,pay_N0920106,order_MOCK_10106,payment,30531,610.62,109.91,720.53,30531,29810.47,INR,2026-08-09T09:00:00.000Z,pending,mdr_fee
RUN-SEED-mt4l32y2,setl_DGlQ104os78Ec,pay_N0920107,order_MOCK_10107,payment,7978,159.56,28.72,188.28,7978,7789.72,INR,2026-08-09T09:00:00.000Z,pending,mdr_fee
RUN-SEED-mt4l32y2,setl_DGlQ104os78Ec,pay_N0920108,order_MOCK_10108,payment,26303,526.06,94.69,620.75,26303,25682.25,INR,2026-08-09T09:00:00.000Z,pending,mdr_fee
RUN-SEED-mt4l32y2,setl_DGlQ104os78Ec,pay_N0920109,order_MOCK_10109,payment,30345,606.9,109.24,716.14,30345,29628.86,INR,2026-08-09T09:00:00.000Z,pending,mdr_fee
RUN-SEED-mt4l32y2,setl_DGlQ104os78Ec,pay_N0920110,order_MOCK_10110,payment,16371,327.42,58.94,386.36,16371,15984.64,INR,2026-08-09T09:00:00.000Z,pending,mdr_fee
RUN-SEED-mt4l32y2,setl_DGlQ104os78Ec,pay_N0920111,order_MOCK_10111,payment,4774,95.48,17.19,112.67,4774,4661.33,INR,2026-08-09T09:00:00.000Z,pending,mdr_fee
RUN-SEED-mt4l32y2,setl_DGlQ104os78Ec,pay_N0920112,order_MOCK_10112,payment,9690,193.8,34.88,228.68,9690,9461.32,INR,2026-08-09T09:00:00.000Z,pending,mdr_fee
RUN-SEED-mt4l32y2,setl_DGlQ104os78Ec,pay_N0920113,order_MOCK_10113,payment,11548,230.96,41.57,272.53,11548,11275.47,INR,2026-08-09T09:00:00.000Z,pending,mdr_fee
RUN-SEED-mt4l32y2,setl_DGlQ104os78Ec,pay_N0920114,order_MOCK_10114,payment,36124,722.48,130.05,852.53,36124,35271.47,INR,2026-08-09T09:00:00.000Z,pending,mdr_fee
RUN-SEED-mt4l32y2,setl_DGlQ104os78Ec,pay_N0920115,order_MOCK_10115,payment,28109,562.18,101.19,663.37,28109,27445.63,INR,2026-08-09T09:00:00.000Z,pending,mdr_fee
RUN-SEED-mt4l32y2,setl_DGlQ104os78Ec,pay_N0920116,order_MOCK_10116,payment,25876,517.52,93.15,610.67,25876,25265.33,INR,2026-08-09T09:00:00.000Z,pending,mdr_fee
RUN-SEED-mt4l32y2,setl_DGlQ104os78Ec,pay_N0920117,order_MOCK_10117,payment,21853,437.06,78.67,515.73,21853,21337.27,INR,2026-08-09T09:00:00.000Z,pending,mdr_fee
RUN-SEED-mt4l32y2,setl_DGlQ104os78Ec,pay_N0920118,order_MOCK_10118,payment,15410,308.2,55.48,363.68,15410,15046.32,INR,2026-08-09T09:00:00.000Z,pending,mdr_fee
RUN-SEED-mt4l32y2,setl_DGlQ104os78Ec,pay_N0920119,order_MOCK_10119,payment,31539,630.78,113.54,744.32,31539,30794.68,INR,2026-08-09T09:00:00.000Z,pending,mdr_fee
RUN-SEED-mt4l32y2,setl_DGlQ104os78Ec,pay_N0920120,order_MOCK_10120,refund,-2921,0,0,2921,0,-2921,INR,2026-08-09T09:00:00.000Z,pending,refund_deduction
RUN-SEED-mt4l32y2,setl_DGlQ104os78Ec,pay_N0920121,order_MOCK_10121,refund,-31588,0,0,31588,0,-31588,INR,2026-08-09T09:00:00.000Z,pending,refund_deduction
RUN-SEED-mt4l32y2,setl_DGlQ104os78Ec,pay_N0920122,order_MOCK_10122,payment,15270,305.4,54.97,360.37,15270,14909.63,INR,2026-08-09T09:00:00.000Z,pending,mdr_fee
RUN-SEED-mt4l32y2,setl_DGlQ104os78Ec,pay_N0920123,order_MOCK_10123,payment,31107,622.14,111.99,734.13,31107,30372.87,INR,2026-08-09T09:00:00.000Z,pending,mdr_fee
RUN-SEED-mt4l32y2,setl_DGlQ104os78Ec,pay_N0920124,order_MOCK_10124,payment,1291,25.82,4.65,30.47,1291,1260.53,INR,2026-08-09T09:00:00.000Z,pending,mdr_fee
RUN-SEED-mt4l32y2,setl_DGlQ104os78Ec,pay_N0920125,order_MOCK_10125,payment,24057,481.14,86.61,567.75,24057,23489.25,INR,2026-08-09T09:00:00.000Z,pending,mdr_fee
RUN-SEED-mt4l32y2,setl_DGlQ104os78Ec,pay_N0920126,order_MOCK_10126,payment,32387,647.74,116.59,764.33,32387,31622.67,INR,2026-08-09T09:00:00.000Z,pending,mdr_fee
RUN-SEED-mt4l32y2,setl_DGlQ104os78Ec,pay_N0920127,order_MOCK_10127,payment,37092,741.84,133.53,875.37,37092,36216.63,INR,2026-08-09T09:00:00.000Z,pending,mdr_fee
RUN-SEED-mt4l32y2,setl_DGlQ104os78Ec,pay_N0920128,order_MOCK_10128,payment,17900,358,64.44,422.44,17900,17477.56,INR,2026-08-09T09:00:00.000Z,pending,mdr_fee
RUN-SEED-mt4l32y2,setl_DGlQ104os78Ec,pay_N0920129,order_MOCK_10129,payment,23227,464.54,83.62,548.16,23227,22678.84,INR,2026-08-09T09:00:00.000Z,pending,mdr_fee
RUN-SEED-mt4l32y2,setl_DGlQ104os78Ec,pay_N0920130,order_MOCK_10130,payment,31292,625.84,112.65,738.49,31292,30553.51,INR,2026-08-09T09:00:00.000Z,pending,mdr_fee
RUN-SEED-mt4l32y2,setl_DGlQ104os78Ec,pay_N0920131,order_MOCK_10131,payment,5773,115.46,20.78,136.24,5773,5636.76,INR,2026-08-09T09:00:00.000Z,pending,mdr_fee
RUN-SEED-mt4l32y2,setl_DGlQ104os78Ec,pay_N0920132,order_MOCK_10132,payment,29344,586.88,105.64,692.52,29344,28651.48,INR,2026-08-09T09:00:00.000Z,pending,mdr_fee
RUN-SEED-mt4l32y2,setl_DGlQ104os78Ec,pay_N0920133,order_MOCK_10133,payment,22909,458.18,82.47,540.65,22909,22368.35,INR,2026-08-09T09:00:00.000Z,pending,mdr_fee
RUN-SEED-mt4l32y2,setl_DGlQ105os78Ec,pay_N0920134,order_MOCK_10134,payment,26726,534.52,96.21,630.73,26726,26095.27,INR,2026-08-11T09:00:00.000Z,pending,mdr_fee
RUN-SEED-mt4l32y2,setl_DGlQ105os78Ec,pay_N0920135,order_MOCK_10135,payment,11165,223.3,40.19,263.49,11165,10901.51,INR,2026-08-11T09:00:00.000Z,pending,mdr_fee
RUN-SEED-mt4l32y2,setl_DGlQ105os78Ec,pay_N0920136,order_MOCK_10136,payment,31951,639.02,115.02,754.04,31951,31196.96,INR,2026-08-11T09:00:00.000Z,pending,mdr_fee
RUN-SEED-mt4l32y2,setl_DGlQ105os78Ec,pay_N0920137,order_MOCK_10137,payment,19421,388.42,69.92,458.34,19421,18962.66,INR,2026-08-11T09:00:00.000Z,pending,mdr_fee
RUN-SEED-mt4l32y2,setl_DGlQ105os78Ec,pay_N0920138,order_MOCK_10138,payment,4029,80.58,14.5,95.08,4029,3933.92,INR,2026-08-11T09:00:00.000Z,pending,mdr_fee
RUN-SEED-mt4l32y2,setl_DGlQ105os78Ec,pay_N0920139,order_MOCK_10139,payment,18212,364.24,65.56,429.8,18212,17782.2,INR,2026-08-11T09:00:00.000Z,pending,mdr_fee
RUN-SEED-mt4l32y2,setl_DGlQ105os78Ec,pay_N0920140,order_MOCK_10140,payment,7682,153.64,27.66,181.3,7682,7500.7,INR,2026-08-11T09:00:00.000Z,pending,mdr_fee
RUN-SEED-mt4l32y2,setl_DGlQ105os78Ec,pay_N0920141,order_MOCK_10141,payment,30113,602.26,108.41,710.67,30113,29402.33,INR,2026-08-11T09:00:00.000Z,pending,mdr_fee
RUN-SEED-mt4l32y2,setl_DGlQ105os78Ec,pay_N0920142,order_MOCK_10142,payment,1498,29.96,5.39,35.35,1498,1462.65,INR,2026-08-11T09:00:00.000Z,pending,mdr_fee
RUN-SEED-mt4l32y2,setl_DGlQ105os78Ec,pay_N0920143,order_MOCK_10143,payment,34776,695.52,125.19,820.71,34776,33955.29,INR,2026-08-11T09:00:00.000Z,pending,mdr_fee
RUN-SEED-mt4l32y2,setl_DGlQ105os78Ec,pay_N0920144,order_MOCK_10144,refund,-10162,0,0,10162,0,-10162,INR,2026-08-11T09:00:00.000Z,pending,refund_deduction
RUN-SEED-mt4l32y2,setl_DGlQ105os78Ec,pay_N0920145,order_MOCK_10145,payment,24173,483.46,87.02,570.48,24173,23602.52,INR,2026-08-11T09:00:00.000Z,pending,mdr_fee
RUN-SEED-mt4l32y2,setl_DGlQ105os78Ec,pay_N0920146,order_MOCK_10146,payment,23123,462.46,83.24,545.7,23123,22577.3,INR,2026-08-11T09:00:00.000Z,pending,mdr_fee
RUN-SEED-mt4l32y2,setl_DGlQ105os78Ec,pay_N0920147,order_MOCK_10147,payment,28689,573.78,103.28,677.06,28689,28011.94,INR,2026-08-11T09:00:00.000Z,pending,mdr_fee
RUN-SEED-mt4l32y2,setl_DGlQ105os78Ec,pay_N0920148,order_MOCK_10148,payment,20911,418.22,75.28,493.5,20911,20417.5,INR,2026-08-11T09:00:00.000Z,pending,mdr_fee
RUN-SEED-mt4l32y2,setl_DGlQ105os78Ec,pay_N0920149,order_MOCK_10149,payment,3794,75.88,13.66,89.54,3794,3704.46,INR,2026-08-11T09:00:00.000Z,pending,mdr_fee
RUN-SEED-mt4l32y2,setl_DGlQ105os78Ec,pay_N0920150,order_MOCK_10150,payment,29755,595.1,107.12,702.22,29755,29052.78,INR,2026-08-11T09:00:00.000Z,pending,mdr_fee
RUN-SEED-mt4l32y2,setl_DGlQ105os78Ec,pay_N0920151,order_MOCK_10151,payment,21201,424.02,76.32,500.34,21201,20700.66,INR,2026-08-11T09:00:00.000Z,pending,mdr_fee
RUN-SEED-mt4l32y2,setl_DGlQ105os78Ec,pay_N0920152,order_MOCK_10152,payment,26993,539.86,97.17,637.03,26993,26355.97,INR,2026-08-11T09:00:00.000Z,pending,mdr_fee
RUN-SEED-mt4l32y2,setl_DGlQ105os78Ec,pay_N0920153,order_MOCK_10153,payment,31506,630.12,113.42,743.54,31506,30762.46,INR,2026-08-11T09:00:00.000Z,pending,mdr_fee
RUN-SEED-mt4l32y2,setl_DGlQ105os78Ec,pay_N0920154,order_MOCK_10154,payment,26127,522.54,94.06,616.6,26127,25510.4,INR,2026-08-11T09:00:00.000Z,pending,mdr_fee
RUN-SEED-mt4l32y2,setl_DGlQ105os78Ec,pay_N0920155,order_MOCK_10155,payment,11337,226.74,40.81,267.55,11337,11069.45,INR,2026-08-11T09:00:00.000Z,pending,mdr_fee
RUN-SEED-mt4l32y2,setl_DGlQ105os78Ec,pay_N0920156,order_MOCK_10156,payment,13050,261,46.98,307.98,13050,12742.02,INR,2026-08-11T09:00:00.000Z,pending,mdr_fee
RUN-SEED-mt4l32y2,setl_DGlQ105os78Ec,pay_N0920157,order_MOCK_10157,payment,5157,103.14,18.57,121.71,5157,5035.29,INR,2026-08-11T09:00:00.000Z,pending,mdr_fee
RUN-SEED-mt4l32y2,setl_DGlQ105os78Ec,pay_N0920158,order_MOCK_10158,payment,26338,526.76,94.82,621.58,26338,25716.42,INR,2026-08-11T09:00:00.000Z,pending,mdr_fee
RUN-SEED-mt4l32y2,setl_DGlQ105os78Ec,pay_N0920159,order_MOCK_10159,refund,-20767,0,0,20767,0,-20767,INR,2026-08-11T09:00:00.000Z,pending,refund_deduction
RUN-SEED-mt4l32y2,setl_DGlQ105os78Ec,pay_N0920160,order_MOCK_10160,payment,26549,530.98,95.58,626.56,26549,25922.44,INR,2026-08-11T09:00:00.000Z,pending,mdr_fee
RUN-SEED-mt4l32y2,setl_DGlQ105os78Ec,pay_N0920161,order_MOCK_10161,payment,23858,477.16,85.89,563.05,23858,23294.95,INR,2026-08-11T09:00:00.000Z,pending,mdr_fee
RUN-SEED-mt4l32y2,setl_DGlQ105os78Ec,pay_N0920162,order_MOCK_10162,payment,14834,296.68,53.4,350.08,14834,14483.92,INR,2026-08-11T09:00:00.000Z,pending,mdr_fee
RUN-SEED-mt4l32y2,setl_DGlQ105os78Ec,pay_N0920163,order_MOCK_10163,payment,37752,755.04,135.91,890.95,37752,36861.05,INR,2026-08-11T09:00:00.000Z,pending,mdr_fee
RUN-SEED-mt4l32y2,setl_DGlQ105os78Ec,pay_N0920164,order_MOCK_10164,payment,12789,255.78,46.04,301.82,12789,12487.18,INR,2026-08-11T09:00:00.000Z,pending,mdr_fee
RUN-SEED-mt4l32y2,setl_DGlQ106os78Ec,pay_N0920165,order_MOCK_10165,refund,-31080,0,0,31080,0,-31080,INR,2026-08-13T09:00:00.000Z,pending,refund_deduction
RUN-SEED-mt4l32y2,setl_DGlQ106os78Ec,pay_N0920166,order_MOCK_10166,payment,32030,640.6,115.31,755.91,32030,31274.09,INR,2026-08-13T09:00:00.000Z,pending,mdr_fee
RUN-SEED-mt4l32y2,setl_DGlQ106os78Ec,pay_N0920167,order_MOCK_10167,payment,12727,254.54,45.82,300.36,12727,12426.64,INR,2026-08-13T09:00:00.000Z,pending,mdr_fee
RUN-SEED-mt4l32y2,setl_DGlQ106os78Ec,pay_N0920168,order_MOCK_10168,refund,-37832,0,0,37832,0,-37832,INR,2026-08-13T09:00:00.000Z,pending,refund_deduction
RUN-SEED-mt4l32y2,setl_DGlQ106os78Ec,pay_N0920169,order_MOCK_10169,payment,3131,62.62,11.27,73.89,3131,3057.11,INR,2026-08-13T09:00:00.000Z,pending,mdr_fee
RUN-SEED-mt4l32y2,setl_DGlQ106os78Ec,pay_N0920170,order_MOCK_10170,payment,19231,384.62,69.23,453.85,19231,18777.15,INR,2026-08-13T09:00:00.000Z,pending,mdr_fee
RUN-SEED-mt4l32y2,setl_DGlQ106os78Ec,pay_N0920171,order_MOCK_10171,refund,-12191,0,0,12191,0,-12191,INR,2026-08-13T09:00:00.000Z,pending,refund_deduction
RUN-SEED-mt4l32y2,setl_DGlQ106os78Ec,pay_N0920172,order_MOCK_10172,payment,4703,94.06,16.93,110.99,4703,4592.01,INR,2026-08-13T09:00:00.000Z,pending,mdr_fee
RUN-SEED-mt4l32y2,setl_DGlQ106os78Ec,pay_N0920173,order_MOCK_10173,refund,-5019,0,0,5019,0,-5019,INR,2026-08-13T09:00:00.000Z,pending,refund_deduction
RUN-SEED-mt4l32y2,setl_DGlQ106os78Ec,pay_N0920174,order_MOCK_10174,payment,5436,108.72,19.57,128.29,5436,5307.71,INR,2026-08-13T09:00:00.000Z,pending,mdr_fee
RUN-SEED-mt4l32y2,setl_DGlQ106os78Ec,pay_N0920175,order_MOCK_10175,payment,24767,495.34,89.16,584.5,24767,24182.5,INR,2026-08-13T09:00:00.000Z,pending,mdr_fee
RUN-SEED-mt4l32y2,setl_DGlQ106os78Ec,pay_N0920176,order_MOCK_10176,payment,36587,731.74,131.71,863.45,36587,35723.55,INR,2026-08-13T09:00:00.000Z,pending,mdr_fee
RUN-SEED-mt4l32y2,setl_DGlQ106os78Ec,pay_N0920177,order_MOCK_10177,payment,25317,506.34,91.14,597.48,25317,24719.52,INR,2026-08-13T09:00:00.000Z,pending,mdr_fee
RUN-SEED-mt4l32y2,setl_DGlQ106os78Ec,pay_N0920178,order_MOCK_10178,payment,37114,742.28,133.61,875.89,37114,36238.11,INR,2026-08-13T09:00:00.000Z,pending,mdr_fee
RUN-SEED-mt4l32y2,setl_DGlQ106os78Ec,pay_N0920179,order_MOCK_10179,payment,21739,434.78,78.26,513.04,21739,21225.96,INR,2026-08-13T09:00:00.000Z,pending,mdr_fee
RUN-SEED-mt4l32y2,setl_DGlQ106os78Ec,pay_N0920180,order_MOCK_10180,payment,4870,97.4,17.53,114.93,4870,4755.07,INR,2026-08-13T09:00:00.000Z,pending,mdr_fee
RUN-SEED-mt4l32y2,setl_DGlQ106os78Ec,pay_N0920181,order_MOCK_10181,payment,32832,656.64,118.2,774.84,32832,32057.16,INR,2026-08-13T09:00:00.000Z,pending,mdr_fee
RUN-SEED-mt4l32y2,setl_DGlQ106os78Ec,pay_N0920182,order_MOCK_10182,payment,29247,584.94,105.29,690.23,29247,28556.77,INR,2026-08-13T09:00:00.000Z,pending,mdr_fee
RUN-SEED-mt4l32y2,setl_DGlQ106os78Ec,pay_N0920183,order_MOCK_10183,payment,36331,726.62,130.79,857.41,36331,35473.59,INR,2026-08-13T09:00:00.000Z,pending,mdr_fee
RUN-SEED-mt4l32y2,setl_DGlQ106os78Ec,pay_N0920184,order_MOCK_10184,payment,1272,25.44,4.58,30.02,1272,1241.98,INR,2026-08-13T09:00:00.000Z,pending,mdr_fee
RUN-SEED-mt4l32y2,setl_DGlQ106os78Ec,pay_N0920185,order_MOCK_10185,payment,31619,632.38,113.83,746.21,31619,30872.79,INR,2026-08-13T09:00:00.000Z,pending,mdr_fee
RUN-SEED-mt4l32y2,setl_DGlQ106os78Ec,pay_N0920186,order_MOCK_10186,payment,33177,663.54,119.44,782.98,33177,32394.02,INR,2026-08-13T09:00:00.000Z,pending,mdr_fee
RUN-SEED-mt4l32y2,setl_DGlQ106os78Ec,pay_N0920187,order_MOCK_10187,payment,15994,319.88,57.58,377.46,15994,15616.54,INR,2026-08-13T09:00:00.000Z,pending,mdr_fee
RUN-SEED-mt4l32y2,setl_DGlQ106os78Ec,pay_N0920188,order_MOCK_10188,payment,11643,232.86,41.91,274.77,11643,11368.23,INR,2026-08-13T09:00:00.000Z,pending,mdr_fee
RUN-SEED-mt4l32y2,setl_DGlQ106os78Ec,pay_N0920189,order_MOCK_10189,payment,2287,45.74,8.23,53.97,2287,2233.03,INR,2026-08-13T09:00:00.000Z,pending,mdr_fee
RUN-SEED-mt4l32y2,setl_DGlQ106os78Ec,pay_N0920190,order_MOCK_10190,payment,20031,400.62,72.11,472.73,20031,19558.27,INR,2026-08-13T09:00:00.000Z,pending,mdr_fee
RUN-SEED-mt4l32y2,setl_DGlQ106os78Ec,pay_N0920191,order_MOCK_10191,payment,23177,463.54,83.44,546.98,23177,22630.02,INR,2026-08-13T09:00:00.000Z,pending,mdr_fee
RUN-SEED-mt4l32y2,setl_DGlQ106os78Ec,pay_N0920192,order_MOCK_10192,payment,34274,685.48,123.39,808.87,34274,33465.13,INR,2026-08-13T09:00:00.000Z,pending,mdr_fee
RUN-SEED-mt4l32y2,setl_DGlQ106os78Ec,pay_N0920193,order_MOCK_10193,payment,35950,719,129.42,848.42,35950,35101.58,INR,2026-08-13T09:00:00.000Z,pending,mdr_fee
RUN-SEED-mt4l32y2,setl_DGlQ106os78Ec,pay_N0920194,order_MOCK_10194,payment,30700,614,110.52,724.52,30700,29975.48,INR,2026-08-13T09:00:00.000Z,pending,mdr_fee
RUN-SEED-mt4l32y2,setl_DGlQ106os78Ec,pay_N0920195,order_MOCK_10195,payment,23737,474.74,85.45,560.19,23737,23176.81,INR,2026-08-13T09:00:00.000Z,pending,mdr_fee
RUN-SEED-mt4l32y2,setl_DGlQ106os78Ec,pay_N0920196,order_MOCK_10196,payment,33720,674.4,121.39,795.79,33720,32924.21,INR,2026-08-13T09:00:00.000Z,pending,mdr_fee
RUN-SEED-mt4l32y2,setl_DGlQ106os78Ec,pay_N0920197,order_MOCK_10197,payment,22189,443.78,79.88,523.66,22189,21665.34,INR,2026-08-13T09:00:00.000Z,pending,mdr_fee
RUN-SEED-mt4l32y2,setl_DGlQ106os78Ec,pay_N0920198,order_MOCK_10198,payment,14671,293.42,52.82,346.24,14671,14324.76,INR,2026-08-13T09:00:00.000Z,pending,mdr_fee
RUN-SEED-mt4l32y2,setl_DGlQ107os78Ec,pay_N0920199,order_MOCK_10199,payment,30619,612.38,110.23,722.61,30619,29896.39,INR,2026-08-15T09:00:00.000Z,pending,mdr_fee
RUN-SEED-mt4l32y2,setl_DGlQ107os78Ec,pay_N0920200,order_MOCK_10200,payment,2785,55.7,10.03,65.73,2785,2719.27,INR,2026-08-15T09:00:00.000Z,pending,mdr_fee
RUN-SEED-mt4l32y2,setl_DGlQ107os78Ec,pay_N0920201,order_MOCK_10201,refund,-12848,0,0,12848,0,-12848,INR,2026-08-15T09:00:00.000Z,pending,refund_deduction
RUN-SEED-mt4l32y2,setl_DGlQ107os78Ec,pay_N0920202,order_MOCK_10202,payment,26428,528.56,95.14,623.7,26428,25804.3,INR,2026-08-15T09:00:00.000Z,pending,mdr_fee
RUN-SEED-mt4l32y2,setl_DGlQ107os78Ec,pay_N0920203,order_MOCK_10203,payment,7493,149.86,26.97,176.83,7493,7316.17,INR,2026-08-15T09:00:00.000Z,pending,mdr_fee
RUN-SEED-mt4l32y2,setl_DGlQ107os78Ec,pay_N0920204,order_MOCK_10204,payment,29997,599.94,107.99,707.93,29997,29289.07,INR,2026-08-15T09:00:00.000Z,pending,mdr_fee
RUN-SEED-mt4l32y2,setl_DGlQ107os78Ec,pay_N0920205,order_MOCK_10205,payment,8407,168.14,30.27,198.41,8407,8208.59,INR,2026-08-15T09:00:00.000Z,pending,mdr_fee
RUN-SEED-mt4l32y2,setl_DGlQ107os78Ec,pay_N0920206,order_MOCK_10206,payment,22164,443.28,79.79,523.07,22164,21640.93,INR,2026-08-15T09:00:00.000Z,pending,mdr_fee
RUN-SEED-mt4l32y2,setl_DGlQ107os78Ec,pay_N0920207,order_MOCK_10207,payment,4235,84.7,15.25,99.95,4235,4135.05,INR,2026-08-15T09:00:00.000Z,pending,mdr_fee
RUN-SEED-mt4l32y2,setl_DGlQ107os78Ec,pay_N0920208,order_MOCK_10208,payment,26500,530,95.4,625.4,26500,25874.6,INR,2026-08-15T09:00:00.000Z,pending,mdr_fee
RUN-SEED-mt4l32y2,setl_DGlQ107os78Ec,pay_N0920209,order_MOCK_10209,payment,18315,366.3,65.93,432.23,18315,17882.77,INR,2026-08-15T09:00:00.000Z,pending,mdr_fee
RUN-SEED-mt4l32y2,setl_DGlQ107os78Ec,pay_N0920210,order_MOCK_10210,payment,18939,378.78,68.18,446.96,18939,18492.04,INR,2026-08-15T09:00:00.000Z,pending,mdr_fee
RUN-SEED-mt4l32y2,setl_DGlQ107os78Ec,pay_N0920211,order_MOCK_10211,payment,24984,499.68,89.94,589.62,24984,24394.38,INR,2026-08-15T09:00:00.000Z,pending,mdr_fee
RUN-SEED-mt4l32y2,setl_DGlQ107os78Ec,pay_N0920212,order_MOCK_10212,payment,21611,432.22,77.8,510.02,21611,21100.98,INR,2026-08-15T09:00:00.000Z,pending,mdr_fee
RUN-SEED-mt4l32y2,setl_DGlQ107os78Ec,pay_N0920213,order_MOCK_10213,payment,19741,394.82,71.07,465.89,19741,19275.11,INR,2026-08-15T09:00:00.000Z,pending,mdr_fee
RUN-SEED-mt4l32y2,setl_DGlQ107os78Ec,pay_N0920214,order_MOCK_10214,payment,35053,701.06,126.19,827.25,35053,34225.75,INR,2026-08-15T09:00:00.000Z,pending,mdr_fee
RUN-SEED-mt4l32y2,setl_DGlQ107os78Ec,pay_N0920215,order_MOCK_10215,refund,-24554,0,0,24554,0,-24554,INR,2026-08-15T09:00:00.000Z,pending,refund_deduction
RUN-SEED-mt4l32y2,setl_DGlQ107os78Ec,pay_N0920216,order_MOCK_10216,payment,37778,755.56,136,891.56,37778,36886.44,INR,2026-08-15T09:00:00.000Z,pending,mdr_fee
RUN-SEED-mt4l32y2,setl_DGlQ107os78Ec,pay_N0920217,order_MOCK_10217,payment,18055,361.1,65,426.1,18055,17628.9,INR,2026-08-15T09:00:00.000Z,pending,mdr_fee
RUN-SEED-mt4l32y2,setl_DGlQ107os78Ec,pay_N0920218,order_MOCK_10218,payment,4499,89.98,16.2,106.18,4499,4392.82,INR,2026-08-15T09:00:00.000Z,pending,mdr_fee
RUN-SEED-mt4l32y2,setl_DGlQ107os78Ec,pay_N0920219,order_MOCK_10219,payment,21984,439.68,79.14,518.82,21984,21465.18,INR,2026-08-15T09:00:00.000Z,pending,mdr_fee
RUN-SEED-mt4l32y2,setl_DGlQ107os78Ec,pay_N0920220,order_MOCK_10220,payment,10026,200.52,36.09,236.61,10026,9789.39,INR,2026-08-15T09:00:00.000Z,pending,mdr_fee
RUN-SEED-mt4l32y2,setl_DGlQ107os78Ec,pay_N0920221,order_MOCK_10221,payment,20889,417.78,75.2,492.98,20889,20396.02,INR,2026-08-15T09:00:00.000Z,pending,mdr_fee
RUN-SEED-mt4l32y2,setl_DGlQ107os78Ec,pay_N0920222,order_MOCK_10222,payment,24538,490.76,88.34,579.1,24538,23958.9,INR,2026-08-15T09:00:00.000Z,pending,mdr_fee
RUN-SEED-mt4l32y2,setl_DGlQ107os78Ec,pay_N0920223,order_MOCK_10223,payment,28114,562.28,101.21,663.49,28114,27450.51,INR,2026-08-15T09:00:00.000Z,pending,mdr_fee
RUN-SEED-mt4l32y2,setl_DGlQ107os78Ec,pay_N0920224,order_MOCK_10224,payment,24153,483.06,86.95,570.01,24153,23582.99,INR,2026-08-15T09:00:00.000Z,pending,mdr_fee
RUN-SEED-mt4l32y2,setl_DGlQ107os78Ec,pay_N0920225,order_MOCK_10225,payment,18059,361.18,65.01,426.19,18059,17632.81,INR,2026-08-15T09:00:00.000Z,pending,mdr_fee
RUN-SEED-mt4l32y2,setl_DGlQ107os78Ec,pay_N0920226,order_MOCK_10226,payment,23201,464.02,83.52,547.54,23201,22653.46,INR,2026-08-15T09:00:00.000Z,pending,mdr_fee
RUN-SEED-mt4l32y2,setl_DGlQ107os78Ec,pay_N0920227,order_MOCK_10227,payment,10553,211.06,37.99,249.05,10553,10303.95,INR,2026-08-15T09:00:00.000Z,pending,mdr_fee
RUN-SEED-mt4l32y2,setl_DGlQ107os78Ec,pay_N0920228,order_MOCK_10228,payment,32960,659.2,118.66,777.86,32960,32182.14,INR,2026-08-15T09:00:00.000Z,pending,mdr_fee
RUN-SEED-mt4l32y2,setl_DGlQ107os78Ec,pay_N0920229,order_MOCK_10229,payment,15099,301.98,54.36,356.34,15099,14742.66,INR,2026-08-15T09:00:00.000Z,pending,mdr_fee
RUN-SEED-mt4l32y2,setl_DGlQ107os78Ec,pay_N0920230,order_MOCK_10230,payment,34360,687.2,123.7,810.9,34360,33549.1,INR,2026-08-15T09:00:00.000Z,pending,mdr_fee
RUN-SEED-mt4l32y2,setl_DGlQ107os78Ec,pay_N0920231,order_MOCK_10231,payment,5183,103.66,18.66,122.32,5183,5060.68,INR,2026-08-15T09:00:00.000Z,pending,mdr_fee
RUN-SEED-mt4l32y2,setl_DGlQ107os78Ec,pay_N0920232,order_MOCK_10232,payment,9225,184.5,33.21,217.71,9225,9007.29,INR,2026-08-15T09:00:00.000Z,pending,mdr_fee
RUN-SEED-mt4l32y2,setl_DGlQ107os78Ec,pay_N0920233,order_MOCK_10233,payment,32536,650.72,117.13,767.85,32536,31768.15,INR,2026-08-15T09:00:00.000Z,pending,mdr_fee
RUN-SEED-mt4l32y2,setl_DGlQ107os78Ec,pay_N0920234,order_MOCK_10234,payment,1651,33.02,5.94,38.96,1651,1612.04,INR,2026-08-15T09:00:00.000Z,pending,mdr_fee
RUN-SEED-mt4l32y2,setl_DGlQ108os78Ec,pay_N0920235,order_MOCK_10235,payment,6786,135.72,24.43,160.15,6786,6625.85,INR,2026-08-17T09:00:00.000Z,pending,mdr_fee
RUN-SEED-mt4l32y2,setl_DGlQ108os78Ec,pay_N0920236,order_MOCK_10236,payment,5059,101.18,18.21,119.39,5059,4939.61,INR,2026-08-17T09:00:00.000Z,pending,mdr_fee
RUN-SEED-mt4l32y2,setl_DGlQ108os78Ec,pay_N0920237,order_MOCK_10237,payment,23234,464.68,83.64,548.32,23234,22685.68,INR,2026-08-17T09:00:00.000Z,pending,mdr_fee
RUN-SEED-mt4l32y2,setl_DGlQ108os78Ec,pay_N0920238,order_MOCK_10238,payment,15366,307.32,55.32,362.64,15366,15003.36,INR,2026-08-17T09:00:00.000Z,pending,mdr_fee
RUN-SEED-mt4l32y2,setl_DGlQ108os78Ec,pay_N0920239,order_MOCK_10239,payment,2891,57.82,10.41,68.23,2891,2822.77,INR,2026-08-17T09:00:00.000Z,pending,mdr_fee
RUN-SEED-mt4l32y2,setl_DGlQ108os78Ec,pay_N0920240,order_MOCK_10240,payment,24571,491.42,88.46,579.88,24571,23991.12,INR,2026-08-17T09:00:00.000Z,pending,mdr_fee
RUN-SEED-mt4l32y2,setl_DGlQ108os78Ec,pay_N0920241,order_MOCK_10241,payment,16398,327.96,59.03,386.99,16398,16011.01,INR,2026-08-17T09:00:00.000Z,pending,mdr_fee
RUN-SEED-mt4l32y2,setl_DGlQ108os78Ec,pay_N0920242,order_MOCK_10242,payment,4877,97.54,17.56,115.1,4877,4761.9,INR,2026-08-17T09:00:00.000Z,pending,mdr_fee
RUN-SEED-mt4l32y2,setl_DGlQ108os78Ec,pay_N0920243,order_MOCK_10243,payment,7751,155.02,27.9,182.92,7751,7568.08,INR,2026-08-17T09:00:00.000Z,pending,mdr_fee
RUN-SEED-mt4l32y2,setl_DGlQ108os78Ec,pay_N0920244,order_MOCK_10244,payment,24268,485.36,87.36,572.72,24268,23695.28,INR,2026-08-17T09:00:00.000Z,pending,mdr_fee
RUN-SEED-mt4l32y2,setl_DGlQ108os78Ec,pay_N0920245,order_MOCK_10245,payment,13081,261.62,47.09,308.71,13081,12772.29,INR,2026-08-17T09:00:00.000Z,pending,mdr_fee
RUN-SEED-mt4l32y2,setl_DGlQ108os78Ec,pay_N0920246,order_MOCK_10246,payment,36514,730.28,131.45,861.73,36514,35652.27,INR,2026-08-17T09:00:00.000Z,pending,mdr_fee
RUN-SEED-mt4l32y2,setl_DGlQ108os78Ec,pay_N0920247,order_MOCK_10247,payment,18927,378.54,68.14,446.68,18927,18480.32,INR,2026-08-17T09:00:00.000Z,pending,mdr_fee
RUN-SEED-mt4l32y2,setl_DGlQ108os78Ec,pay_N0920248,order_MOCK_10248,payment,9292,185.84,33.45,219.29,9292,9072.71,INR,2026-08-17T09:00:00.000Z,pending,mdr_fee
RUN-SEED-mt4l32y2,setl_DGlQ108os78Ec,pay_N0920249,order_MOCK_10249,payment,35175,703.5,126.63,830.13,35175,34344.87,INR,2026-08-17T09:00:00.000Z,pending,mdr_fee
RUN-SEED-mt4l32y2,setl_DGlQ108os78Ec,pay_N0920250,order_MOCK_10250,payment,15810,316.2,56.92,373.12,15810,15436.88,INR,2026-08-17T09:00:00.000Z,pending,mdr_fee
RUN-SEED-mt4l32y2,setl_DGlQ108os78Ec,pay_N0920251,order_MOCK_10251,payment,37274,745.48,134.19,879.67,37274,36394.33,INR,2026-08-17T09:00:00.000Z,pending,mdr_fee
RUN-SEED-mt4l32y2,setl_DGlQ108os78Ec,pay_N0920252,order_MOCK_10252,payment,37256,745.12,134.12,879.24,37256,36376.76,INR,2026-08-17T09:00:00.000Z,pending,mdr_fee
RUN-SEED-mt4l32y2,setl_DGlQ108os78Ec,pay_N0920253,order_MOCK_10253,payment,29096,581.92,104.75,686.67,29096,28409.33,INR,2026-08-17T09:00:00.000Z,pending,mdr_fee
RUN-SEED-mt4l32y2,setl_DGlQ108os78Ec,pay_N0920254,order_MOCK_10254,payment,16564,331.28,59.63,390.91,16564,16173.09,INR,2026-08-17T09:00:00.000Z,pending,mdr_fee
RUN-SEED-mt4l32y2,setl_DGlQ108os78Ec,pay_N0920255,order_MOCK_10255,payment,18543,370.86,66.75,437.61,18543,18105.39,INR,2026-08-17T09:00:00.000Z,pending,mdr_fee
RUN-SEED-mt4l32y2,setl_DGlQ108os78Ec,pay_N0920256,order_MOCK_10256,payment,8345,166.9,30.04,196.94,8345,8148.06,INR,2026-08-17T09:00:00.000Z,pending,mdr_fee
RUN-SEED-mt4l32y2,setl_DGlQ108os78Ec,pay_N0920257,order_MOCK_10257,payment,31816,636.32,114.54,750.86,31816,31065.14,INR,2026-08-17T09:00:00.000Z,pending,mdr_fee
RUN-SEED-mt4l32y2,setl_DGlQ108os78Ec,pay_N0920258,order_MOCK_10258,payment,3914,78.28,14.09,92.37,3914,3821.63,INR,2026-08-17T09:00:00.000Z,pending,mdr_fee
RUN-SEED-mt4l32y2,setl_DGlQ108os78Ec,pay_N0920259,order_MOCK_10259,payment,28140,562.8,101.3,664.1,28140,27475.9,INR,2026-08-17T09:00:00.000Z,pending,mdr_fee
RUN-SEED-mt4l32y2,setl_DGlQ108os78Ec,pay_N0920260,order_MOCK_10260,payment,34909,698.18,125.67,823.85,34909,34085.15,INR,2026-08-17T09:00:00.000Z,pending,mdr_fee
RUN-SEED-mt4l32y2,setl_DGlQ108os78Ec,pay_N0920261,order_MOCK_10261,payment,29000,580,104.4,684.4,29000,28315.6,INR,2026-08-17T09:00:00.000Z,pending,mdr_fee
RUN-SEED-mt4l32y2,setl_DGlQ109os78Ec,pay_N0920262,order_MOCK_10262,payment,32739,654.78,117.86,772.64,32739,31966.36,INR,2026-08-19T09:00:00.000Z,pending,mdr_fee
RUN-SEED-mt4l32y2,setl_DGlQ109os78Ec,pay_N0920263,order_MOCK_10263,payment,35741,714.82,128.67,843.49,35741,34897.51,INR,2026-08-19T09:00:00.000Z,pending,mdr_fee
RUN-SEED-mt4l32y2,setl_DGlQ109os78Ec,pay_N0920264,order_MOCK_10264,payment,18540,370.8,66.74,437.54,18540,18102.46,INR,2026-08-19T09:00:00.000Z,pending,mdr_fee
RUN-SEED-mt4l32y2,setl_DGlQ109os78Ec,pay_N0920265,order_MOCK_10265,payment,31773,635.46,114.38,749.84,31773,31023.16,INR,2026-08-19T09:00:00.000Z,pending,mdr_fee
RUN-SEED-mt4l32y2,setl_DGlQ109os78Ec,pay_N0920266,order_MOCK_10266,payment,28186,563.72,101.47,665.19,28186,27520.81,INR,2026-08-19T09:00:00.000Z,pending,mdr_fee
RUN-SEED-mt4l32y2,setl_DGlQ109os78Ec,pay_N0920267,order_MOCK_10267,payment,23424,468.48,84.33,552.81,23424,22871.19,INR,2026-08-19T09:00:00.000Z,pending,mdr_fee
RUN-SEED-mt4l32y2,setl_DGlQ109os78Ec,pay_N0920268,order_MOCK_10268,payment,35218,704.36,126.78,831.14,35218,34386.86,INR,2026-08-19T09:00:00.000Z,pending,mdr_fee
RUN-SEED-mt4l32y2,setl_DGlQ109os78Ec,pay_N0920269,order_MOCK_10269,payment,22094,441.88,79.54,521.42,22094,21572.58,INR,2026-08-19T09:00:00.000Z,pending,mdr_fee
RUN-SEED-mt4l32y2,setl_DGlQ109os78Ec,pay_N0920270,order_MOCK_10270,payment,32776,655.52,117.99,773.51,32776,32002.49,INR,2026-08-19T09:00:00.000Z,pending,mdr_fee
RUN-SEED-mt4l32y2,setl_DGlQ109os78Ec,pay_N0920271,order_MOCK_10271,payment,10350,207,37.26,244.26,10350,10105.74,INR,2026-08-19T09:00:00.000Z,pending,mdr_fee
RUN-SEED-mt4l32y2,setl_DGlQ109os78Ec,pay_N0920272,order_MOCK_10272,payment,25871,517.42,93.14,610.56,25871,25260.44,INR,2026-08-19T09:00:00.000Z,pending,mdr_fee
RUN-SEED-mt4l32y2,setl_DGlQ109os78Ec,pay_N0920273,order_MOCK_10273,payment,1827,36.54,6.58,43.12,1827,1783.88,INR,2026-08-19T09:00:00.000Z,pending,mdr_fee
RUN-SEED-mt4l32y2,setl_DGlQ109os78Ec,pay_N0920274,order_MOCK_10274,payment,2947,58.94,10.61,69.55,2947,2877.45,INR,2026-08-19T09:00:00.000Z,pending,mdr_fee
RUN-SEED-mt4l32y2,setl_DGlQ109os78Ec,pay_N0920275,order_MOCK_10275,payment,2976,59.52,10.71,70.23,2976,2905.77,INR,2026-08-19T09:00:00.000Z,pending,mdr_fee
RUN-SEED-mt4l32y2,setl_DGlQ109os78Ec,pay_N0920276,order_MOCK_10276,payment,35300,706,127.08,833.08,35300,34466.92,INR,2026-08-19T09:00:00.000Z,pending,mdr_fee
RUN-SEED-mt4l32y2,setl_DGlQ109os78Ec,pay_N0920277,order_MOCK_10277,payment,4881,97.62,17.57,115.19,4881,4765.81,INR,2026-08-19T09:00:00.000Z,pending,mdr_fee
RUN-SEED-mt4l32y2,setl_DGlQ109os78Ec,pay_N0920278,order_MOCK_10278,payment,30406,608.12,109.46,717.58,30406,29688.42,INR,2026-08-19T09:00:00.000Z,pending,mdr_fee
RUN-SEED-mt4l32y2,setl_DGlQ109os78Ec,pay_N0920279,order_MOCK_10279,payment,35403,708.06,127.45,835.51,35403,34567.49,INR,2026-08-19T09:00:00.000Z,pending,mdr_fee
RUN-SEED-mt4l32y2,setl_DGlQ109os78Ec,pay_N0920280,order_MOCK_10280,payment,21295,425.9,76.66,502.56,21295,20792.44,INR,2026-08-19T09:00:00.000Z,pending,mdr_fee
RUN-SEED-mt4l32y2,setl_DGlQ109os78Ec,pay_N0920281,order_MOCK_10281,payment,30096,601.92,108.35,710.27,30096,29385.73,INR,2026-08-19T09:00:00.000Z,pending,mdr_fee
RUN-SEED-mt4l32y2,setl_DGlQ109os78Ec,pay_N0920282,order_MOCK_10282,payment,23084,461.68,83.1,544.78,23084,22539.22,INR,2026-08-19T09:00:00.000Z,pending,mdr_fee
RUN-SEED-mt4l32y2,setl_DGlQ109os78Ec,pay_N0920283,order_MOCK_10283,payment,3991,79.82,14.37,94.19,3991,3896.81,INR,2026-08-19T09:00:00.000Z,pending,mdr_fee
RUN-SEED-mt4l32y2,setl_DGlQ109os78Ec,pay_N0920284,order_MOCK_10284,payment,35347,706.94,127.25,834.19,35347,34512.81,INR,2026-08-19T09:00:00.000Z,pending,mdr_fee
RUN-SEED-mt4l32y2,setl_DGlQ109os78Ec,pay_N0920285,order_MOCK_10285,payment,30064,601.28,108.23,709.51,30064,29354.49,INR,2026-08-19T09:00:00.000Z,pending,mdr_fee
RUN-SEED-mt4l32y2,setl_DGlQ109os78Ec,pay_N0920286,order_MOCK_10286,payment,9594,191.88,34.54,226.42,9594,9367.58,INR,2026-08-19T09:00:00.000Z,pending,mdr_fee
RUN-SEED-mt4l32y2,setl_DGlQ109os78Ec,pay_N0920287,order_MOCK_10287,payment,26493,529.86,95.37,625.23,26493,25867.77,INR,2026-08-19T09:00:00.000Z,pending,mdr_fee
RUN-SEED-mt4l32y2,setl_DGlQ109os78Ec,pay_N0920288,order_MOCK_10288,payment,5803,116.06,20.89,136.95,5803,5666.05,INR,2026-08-19T09:00:00.000Z,pending,mdr_fee
RUN-SEED-mt4l32y2,setl_DGlQ109os78Ec,pay_N0920289,order_MOCK_10289,payment,24829,496.58,89.38,585.96,24829,24243.04,INR,2026-08-19T09:00:00.000Z,pending,mdr_fee
RUN-SEED-mt4l32y2,setl_DGlQ109os78Ec,pay_N0920290,order_MOCK_10290,payment,10963,219.26,39.47,258.73,10963,10704.27,INR,2026-08-19T09:00:00.000Z,pending,mdr_fee
RUN-SEED-mt4l32y2,setl_DGlQ110os78Ec,pay_N0920291,order_MOCK_10291,payment,30665,613.3,110.39,723.69,30665,29941.31,INR,2026-08-21T09:00:00.000Z,pending,mdr_fee
RUN-SEED-mt4l32y2,setl_DGlQ110os78Ec,pay_N0920292,order_MOCK_10292,payment,15005,300.1,54.02,354.12,15005,14650.88,INR,2026-08-21T09:00:00.000Z,pending,mdr_fee
RUN-SEED-mt4l32y2,setl_DGlQ110os78Ec,pay_N0920293,order_MOCK_10293,payment,7671,153.42,27.62,181.04,7671,7489.96,INR,2026-08-21T09:00:00.000Z,pending,mdr_fee
RUN-SEED-mt4l32y2,setl_DGlQ110os78Ec,pay_N0920294,order_MOCK_10294,payment,8957,179.14,32.25,211.39,8957,8745.61,INR,2026-08-21T09:00:00.000Z,pending,mdr_fee
RUN-SEED-mt4l32y2,setl_DGlQ110os78Ec,pay_N0920295,order_MOCK_10295,payment,36957,739.14,133.05,872.19,36957,36084.81,INR,2026-08-21T09:00:00.000Z,pending,mdr_fee
RUN-SEED-mt4l32y2,setl_DGlQ110os78Ec,pay_N0920296,order_MOCK_10296,payment,35285,705.7,127.03,832.73,35285,34452.27,INR,2026-08-21T09:00:00.000Z,pending,mdr_fee
RUN-SEED-mt4l32y2,setl_DGlQ110os78Ec,pay_N0920297,order_MOCK_10297,payment,35347,706.94,127.25,834.19,35347,34512.81,INR,2026-08-21T09:00:00.000Z,pending,mdr_fee
RUN-SEED-mt4l32y2,setl_DGlQ110os78Ec,pay_N0920298,order_MOCK_10298,payment,6564,131.28,23.63,154.91,6564,6409.09,INR,2026-08-21T09:00:00.000Z,pending,mdr_fee
RUN-SEED-mt4l32y2,setl_DGlQ110os78Ec,pay_N0920299,order_MOCK_10299,payment,4483,89.66,16.14,105.8,4483,4377.2,INR,2026-08-21T09:00:00.000Z,pending,mdr_fee
RUN-SEED-mt4l32y2,setl_DGlQ110os78Ec,pay_N0920300,order_MOCK_10300,refund,-37951,0,0,37951,0,-37951,INR,2026-08-21T09:00:00.000Z,pending,refund_deduction
RUN-SEED-mt4l32y2,setl_DGlQ110os78Ec,pay_N0920301,order_MOCK_10301,payment,35474,709.48,127.71,837.19,35474,34636.81,INR,2026-08-21T09:00:00.000Z,pending,mdr_fee
RUN-SEED-mt4l32y2,setl_DGlQ110os78Ec,pay_N0920302,order_MOCK_10302,payment,14771,295.42,53.18,348.6,14771,14422.4,INR,2026-08-21T09:00:00.000Z,pending,mdr_fee
RUN-SEED-mt4l32y2,setl_DGlQ110os78Ec,pay_N0920303,order_MOCK_10303,payment,9575,191.5,34.47,225.97,9575,9349.03,INR,2026-08-21T09:00:00.000Z,pending,mdr_fee
RUN-SEED-mt4l32y2,setl_DGlQ110os78Ec,pay_N0920304,order_MOCK_10304,payment,9969,199.38,35.89,235.27,9969,9733.73,INR,2026-08-21T09:00:00.000Z,pending,mdr_fee
RUN-SEED-mt4l32y2,setl_DGlQ110os78Ec,pay_N0920305,order_MOCK_10305,payment,6222,124.44,22.4,146.84,6222,6075.16,INR,2026-08-21T09:00:00.000Z,pending,mdr_fee
RUN-SEED-mt4l32y2,setl_DGlQ110os78Ec,pay_N0920306,order_MOCK_10306,payment,30896,617.92,111.23,729.15,30896,30166.85,INR,2026-08-21T09:00:00.000Z,pending,mdr_fee
RUN-SEED-mt4l32y2,setl_DGlQ110os78Ec,pay_N0920307,order_MOCK_10307,payment,25157,503.14,90.57,593.71,25157,24563.29,INR,2026-08-21T09:00:00.000Z,pending,mdr_fee
RUN-SEED-mt4l32y2,setl_DGlQ110os78Ec,pay_N0920308,order_MOCK_10308,payment,1734,34.68,6.24,40.92,1734,1693.08,INR,2026-08-21T09:00:00.000Z,pending,mdr_fee
RUN-SEED-mt4l32y2,setl_DGlQ110os78Ec,pay_N0920309,order_MOCK_10309,payment,16832,336.64,60.6,397.24,16832,16434.76,INR,2026-08-21T09:00:00.000Z,pending,mdr_fee
RUN-SEED-mt4l32y2,setl_DGlQ110os78Ec,pay_N0920310,order_MOCK_10310,payment,30848,616.96,111.05,728.01,30848,30119.99,INR,2026-08-21T09:00:00.000Z,pending,mdr_fee
RUN-SEED-mt4l32y2,setl_DGlQ110os78Ec,pay_N0920311,order_MOCK_10311,payment,9801,196.02,35.28,231.3,9801,9569.7,INR,2026-08-21T09:00:00.000Z,pending,mdr_fee
RUN-SEED-mt4l32y2,setl_DGlQ110os78Ec,pay_N0920312,order_MOCK_10312,payment,31977,639.54,115.12,754.66,31977,31222.34,INR,2026-08-21T09:00:00.000Z,pending,mdr_fee
RUN-SEED-mt4l32y2,setl_DGlQ110os78Ec,pay_N0920313,order_MOCK_10313,payment,20511,410.22,73.84,484.06,20511,20026.94,INR,2026-08-21T09:00:00.000Z,pending,mdr_fee
RUN-SEED-mt4l32y2,setl_DGlQ110os78Ec,pay_N0920314,order_MOCK_10314,payment,2694,53.88,9.7,63.58,2694,2630.42,INR,2026-08-21T09:00:00.000Z,pending,mdr_fee
RUN-SEED-mt4l32y2,setl_DGlQ110os78Ec,pay_N0920315,order_MOCK_10315,payment,26206,524.12,94.34,618.46,26206,25587.54,INR,2026-08-21T09:00:00.000Z,pending,mdr_fee
RUN-SEED-mt4l32y2,setl_DGlQ110os78Ec,pay_N0920316,order_MOCK_10316,payment,34106,682.12,122.78,804.9,34106,33301.1,INR,2026-08-21T09:00:00.000Z,pending,mdr_fee
RUN-SEED-mt4l32y2,setl_DGlQ110os78Ec,pay_N0920317,order_MOCK_10317,payment,7390,147.8,26.6,174.4,7390,7215.6,INR,2026-08-21T09:00:00.000Z,pending,mdr_fee
RUN-SEED-mt4l32y2,setl_DGlQ110os78Ec,pay_N0920318,order_MOCK_10318,payment,3254,65.08,11.71,76.79,3254,3177.21,INR,2026-08-21T09:00:00.000Z,pending,mdr_fee
RUN-SEED-mt4l32y2,setl_DGlQ110os78Ec,pay_N0920319,order_MOCK_10319,payment,10338,206.76,37.22,243.98,10338,10094.02,INR,2026-08-21T09:00:00.000Z,pending,mdr_fee
RUN-SEED-mt4l32y2,setl_DGlQ110os78Ec,pay_N0920320,order_MOCK_10320,payment,3160,63.2,11.38,74.58,3160,3085.42,INR,2026-08-21T09:00:00.000Z,pending,mdr_fee
RUN-SEED-mt4l32y2,setl_DGlQ110os78Ec,pay_N0920321,order_MOCK_10321,payment,19714,394.28,70.97,465.25,19714,19248.75,INR,2026-08-21T09:00:00.000Z,pending,mdr_fee
RUN-SEED-mt4l32y2,setl_DGlQ110os78Ec,pay_N0920322,order_MOCK_10322,payment,28034,560.68,100.92,661.6,28034,27372.4,INR,2026-08-21T09:00:00.000Z,pending,mdr_fee
RUN-SEED-mt4l32y2,setl_DGlQ110os78Ec,pay_N0920323,order_MOCK_10323,payment,10199,203.98,36.72,240.7,10199,9958.3,INR,2026-08-21T09:00:00.000Z,pending,mdr_fee
RUN-SEED-mt4l32y2,setl_DGlQ110os78Ec,pay_N0920324,order_MOCK_10324,payment,36445,728.9,131.2,860.1,36445,35584.9,INR,2026-08-21T09:00:00.000Z,pending,mdr_fee
RUN-SEED-mt4l32y2,setl_DGlQ110os78Ec,pay_N0920325,order_MOCK_10325,payment,36786,735.72,132.43,868.15,36786,35917.85,INR,2026-08-21T09:00:00.000Z,pending,mdr_fee
RUN-SEED-mt4l32y2,setl_DGlQ110os78Ec,pay_N0920326,order_MOCK_10326,payment,8751,175.02,31.5,206.52,8751,8544.48,INR,2026-08-21T09:00:00.000Z,pending,mdr_fee
RUN-SEED-mt4l32y2,setl_DGlQ111os78Ec,pay_N0920327,order_MOCK_10327,payment,33723,674.46,121.4,795.86,33723,32927.14,INR,2026-08-23T09:00:00.000Z,pending,mdr_fee
RUN-SEED-mt4l32y2,setl_DGlQ111os78Ec,pay_N0920328,order_MOCK_10328,payment,36371,727.42,130.94,858.36,36371,35512.64,INR,2026-08-23T09:00:00.000Z,pending,mdr_fee
RUN-SEED-mt4l32y2,setl_DGlQ111os78Ec,pay_N0920329,order_MOCK_10329,payment,17526,350.52,63.09,413.61,17526,17112.39,INR,2026-08-23T09:00:00.000Z,pending,mdr_fee
RUN-SEED-mt4l32y2,setl_DGlQ111os78Ec,pay_N0920330,order_MOCK_10330,payment,34238,684.76,123.26,808.02,34238,33429.98,INR,2026-08-23T09:00:00.000Z,pending,mdr_fee
RUN-SEED-mt4l32y2,setl_DGlQ111os78Ec,pay_N0920331,order_MOCK_10331,payment,7049,140.98,25.38,166.36,7049,6882.64,INR,2026-08-23T09:00:00.000Z,pending,mdr_fee
RUN-SEED-mt4l32y2,setl_DGlQ111os78Ec,pay_N0920332,order_MOCK_10332,payment,33240,664.8,119.66,784.46,33240,32455.54,INR,2026-08-23T09:00:00.000Z,pending,mdr_fee
RUN-SEED-mt4l32y2,setl_DGlQ111os78Ec,pay_N0920333,order_MOCK_10333,payment,27094,541.88,97.54,639.42,27094,26454.58,INR,2026-08-23T09:00:00.000Z,pending,mdr_fee
RUN-SEED-mt4l32y2,setl_DGlQ111os78Ec,pay_N0920334,order_MOCK_10334,payment,25943,518.86,93.39,612.25,25943,25330.75,INR,2026-08-23T09:00:00.000Z,pending,mdr_fee
RUN-SEED-mt4l32y2,setl_DGlQ111os78Ec,pay_N0920335,order_MOCK_10335,payment,2377,47.54,8.56,56.1,2377,2320.9,INR,2026-08-23T09:00:00.000Z,pending,mdr_fee
RUN-SEED-mt4l32y2,setl_DGlQ111os78Ec,pay_N0920336,order_MOCK_10336,payment,4637,92.74,16.69,109.43,4637,4527.57,INR,2026-08-23T09:00:00.000Z,pending,mdr_fee
RUN-SEED-mt4l32y2,setl_DGlQ111os78Ec,pay_N0920337,order_MOCK_10337,payment,11333,226.66,40.8,267.46,11333,11065.54,INR,2026-08-23T09:00:00.000Z,pending,mdr_fee
RUN-SEED-mt4l32y2,setl_DGlQ111os78Ec,pay_N0920338,order_MOCK_10338,refund,-17965,0,0,17965,0,-17965,INR,2026-08-23T09:00:00.000Z,pending,refund_deduction
RUN-SEED-mt4l32y2,setl_DGlQ111os78Ec,pay_N0920339,order_MOCK_10339,payment,4650,93,16.74,109.74,4650,4540.26,INR,2026-08-23T09:00:00.000Z,pending,mdr_fee
RUN-SEED-mt4l32y2,setl_DGlQ111os78Ec,pay_N0920340,order_MOCK_10340,refund,-37960,0,0,37960,0,-37960,INR,2026-08-23T09:00:00.000Z,pending,refund_deduction
RUN-SEED-mt4l32y2,setl_DGlQ111os78Ec,pay_N0920341,order_MOCK_10341,payment,9256,185.12,33.32,218.44,9256,9037.56,INR,2026-08-23T09:00:00.000Z,pending,mdr_fee
RUN-SEED-mt4l32y2,setl_DGlQ111os78Ec,pay_N0920342,order_MOCK_10342,payment,20550,411,73.98,484.98,20550,20065.02,INR,2026-08-23T09:00:00.000Z,pending,mdr_fee
RUN-SEED-mt4l32y2,setl_DGlQ111os78Ec,pay_N0920343,order_MOCK_10343,payment,8074,161.48,29.07,190.55,8074,7883.45,INR,2026-08-23T09:00:00.000Z,pending,mdr_fee
RUN-SEED-mt4l32y2,setl_DGlQ111os78Ec,pay_N0920344,order_MOCK_10344,payment,20124,402.48,72.45,474.93,20124,19649.07,INR,2026-08-23T09:00:00.000Z,pending,mdr_fee
RUN-SEED-mt4l32y2,setl_DGlQ111os78Ec,pay_N0920345,order_MOCK_10345,payment,16688,333.76,60.08,393.84,16688,16294.16,INR,2026-08-23T09:00:00.000Z,pending,mdr_fee
RUN-SEED-mt4l32y2,setl_DGlQ111os78Ec,pay_N0920346,order_MOCK_10346,payment,3657,73.14,13.17,86.31,3657,3570.69,INR,2026-08-23T09:00:00.000Z,pending,mdr_fee
RUN-SEED-mt4l32y2,setl_DGlQ111os78Ec,pay_N0920347,order_MOCK_10347,payment,23356,467.12,84.08,551.2,23356,22804.8,INR,2026-08-23T09:00:00.000Z,pending,mdr_fee
RUN-SEED-mt4l32y2,setl_DGlQ111os78Ec,pay_N0920348,order_MOCK_10348,payment,3286,65.72,11.83,77.55,3286,3208.45,INR,2026-08-23T09:00:00.000Z,pending,mdr_fee
RUN-SEED-mt4l32y2,setl_DGlQ111os78Ec,pay_N0920349,order_MOCK_10349,payment,30441,608.82,109.59,718.41,30441,29722.59,INR,2026-08-23T09:00:00.000Z,pending,mdr_fee
RUN-SEED-mt4l32y2,setl_DGlQ111os78Ec,pay_N0920350,order_MOCK_10350,payment,7450,149,26.82,175.82,7450,7274.18,INR,2026-08-23T09:00:00.000Z,pending,mdr_fee
RUN-SEED-mt4l32y2,setl_DGlQ111os78Ec,pay_N0920351,order_MOCK_10351,payment,27032,540.64,97.32,637.96,27032,26394.04,INR,2026-08-23T09:00:00.000Z,pending,mdr_fee
RUN-SEED-mt4l32y2,setl_DGlQ111os78Ec,pay_N0920352,order_MOCK_10352,payment,12329,246.58,44.38,290.96,12329,12038.04,INR,2026-08-23T09:00:00.000Z,pending,mdr_fee
RUN-SEED-mt4l32y2,setl_DGlQ111os78Ec,pay_N0920353,order_MOCK_10353,payment,28855,577.1,103.88,680.98,28855,28174.02,INR,2026-08-23T09:00:00.000Z,pending,mdr_fee
RUN-SEED-mt4l32y2,setl_DGlQ111os78Ec,pay_N0920354,order_MOCK_10354,payment,24475,489.5,88.11,577.61,24475,23897.39,INR,2026-08-23T09:00:00.000Z,pending,mdr_fee
RUN-SEED-mt4l32y2,setl_DGlQ111os78Ec,pay_N0920355,order_MOCK_10355,payment,28619,572.38,103.03,675.41,28619,27943.59,INR,2026-08-23T09:00:00.000Z,pending,mdr_fee
RUN-SEED-mt4l32y2,setl_DGlQ111os78Ec,pay_N0920356,order_MOCK_10356,payment,35672,713.44,128.42,841.86,35672,34830.14,INR,2026-08-23T09:00:00.000Z,pending,mdr_fee
RUN-SEED-mt4l32y2,setl_DGlQ111os78Ec,pay_N0920357,order_MOCK_10357,payment,36797,735.94,132.47,868.41,36797,35928.59,INR,2026-08-23T09:00:00.000Z,pending,mdr_fee
RUN-SEED-mt4l32y2,setl_DGlQ112os78Ec,pay_N0920358,order_MOCK_10358,payment,16859,337.18,60.69,397.87,16859,16461.13,INR,2026-08-25T09:00:00.000Z,pending,mdr_fee
RUN-SEED-mt4l32y2,setl_DGlQ112os78Ec,pay_N0920359,order_MOCK_10359,payment,10889,217.78,39.2,256.98,10889,10632.02,INR,2026-08-25T09:00:00.000Z,pending,mdr_fee
RUN-SEED-mt4l32y2,setl_DGlQ112os78Ec,pay_N0920360,order_MOCK_10360,payment,28412,568.24,102.28,670.52,28412,27741.48,INR,2026-08-25T09:00:00.000Z,pending,mdr_fee
RUN-SEED-mt4l32y2,setl_DGlQ112os78Ec,pay_N0920361,order_MOCK_10361,refund,-36883,0,0,36883,0,-36883,INR,2026-08-25T09:00:00.000Z,pending,refund_deduction
RUN-SEED-mt4l32y2,setl_DGlQ112os78Ec,pay_N0920362,order_MOCK_10362,payment,33550,671,120.78,791.78,33550,32758.22,INR,2026-08-25T09:00:00.000Z,pending,mdr_fee
RUN-SEED-mt4l32y2,setl_DGlQ112os78Ec,pay_N0920363,order_MOCK_10363,payment,5384,107.68,19.38,127.06,5384,5256.94,INR,2026-08-25T09:00:00.000Z,pending,mdr_fee
RUN-SEED-mt4l32y2,setl_DGlQ112os78Ec,pay_N0920364,order_MOCK_10364,payment,29732,594.64,107.04,701.68,29732,29030.32,INR,2026-08-25T09:00:00.000Z,pending,mdr_fee
RUN-SEED-mt4l32y2,setl_DGlQ112os78Ec,pay_N0920365,order_MOCK_10365,payment,29925,598.5,107.73,706.23,29925,29218.77,INR,2026-08-25T09:00:00.000Z,pending,mdr_fee
RUN-SEED-mt4l32y2,setl_DGlQ112os78Ec,pay_N0920366,order_MOCK_10366,payment,14081,281.62,50.69,332.31,14081,13748.69,INR,2026-08-25T09:00:00.000Z,pending,mdr_fee
RUN-SEED-mt4l32y2,setl_DGlQ112os78Ec,pay_N0920367,order_MOCK_10367,payment,26005,520.1,93.62,613.72,26005,25391.28,INR,2026-08-25T09:00:00.000Z,pending,mdr_fee
RUN-SEED-mt4l32y2,setl_DGlQ112os78Ec,pay_N0920368,order_MOCK_10368,payment,13323,266.46,47.96,314.42,13323,13008.58,INR,2026-08-25T09:00:00.000Z,pending,mdr_fee
RUN-SEED-mt4l32y2,setl_DGlQ112os78Ec,pay_N0920369,order_MOCK_10369,payment,14903,298.06,53.65,351.71,14903,14551.29,INR,2026-08-25T09:00:00.000Z,pending,mdr_fee
RUN-SEED-mt4l32y2,setl_DGlQ112os78Ec,pay_N0920370,order_MOCK_10370,payment,22313,446.26,80.33,526.59,22313,21786.41,INR,2026-08-25T09:00:00.000Z,pending,mdr_fee
RUN-SEED-mt4l32y2,setl_DGlQ112os78Ec,pay_N0920371,order_MOCK_10371,payment,20004,400.08,72.01,472.09,20004,19531.91,INR,2026-08-25T09:00:00.000Z,pending,mdr_fee
RUN-SEED-mt4l32y2,setl_DGlQ112os78Ec,pay_N0920372,order_MOCK_10372,payment,31832,636.64,114.6,751.24,31832,31080.76,INR,2026-08-25T09:00:00.000Z,pending,mdr_fee
RUN-SEED-mt4l32y2,setl_DGlQ112os78Ec,pay_N0920373,order_MOCK_10373,payment,16465,329.3,59.27,388.57,16465,16076.43,INR,2026-08-25T09:00:00.000Z,pending,mdr_fee
RUN-SEED-mt4l32y2,setl_DGlQ112os78Ec,pay_N0920374,order_MOCK_10374,payment,31563,631.26,113.63,744.89,31563,30818.11,INR,2026-08-25T09:00:00.000Z,pending,mdr_fee
RUN-SEED-mt4l32y2,setl_DGlQ112os78Ec,pay_N0920375,order_MOCK_10375,payment,20591,411.82,74.13,485.95,20591,20105.05,INR,2026-08-25T09:00:00.000Z,pending,mdr_fee
RUN-SEED-mt4l32y2,setl_DGlQ112os78Ec,pay_N0920376,order_MOCK_10376,payment,13051,261.02,46.98,308,13051,12743,INR,2026-08-25T09:00:00.000Z,pending,mdr_fee
RUN-SEED-mt4l32y2,setl_DGlQ112os78Ec,pay_N0920377,order_MOCK_10377,payment,16010,320.2,57.64,377.84,16010,15632.16,INR,2026-08-25T09:00:00.000Z,pending,mdr_fee
RUN-SEED-mt4l32y2,setl_DGlQ112os78Ec,pay_N0920378,order_MOCK_10378,payment,16856,337.12,60.68,397.8,16856,16458.2,INR,2026-08-25T09:00:00.000Z,pending,mdr_fee
RUN-SEED-mt4l32y2,setl_DGlQ112os78Ec,pay_N0920379,order_MOCK_10379,payment,10158,203.16,36.57,239.73,10158,9918.27,INR,2026-08-25T09:00:00.000Z,pending,mdr_fee
RUN-SEED-mt4l32y2,setl_DGlQ112os78Ec,pay_N0920380,order_MOCK_10380,payment,15706,314.12,56.54,370.66,15706,15335.34,INR,2026-08-25T09:00:00.000Z,pending,mdr_fee
RUN-SEED-mt4l32y2,setl_DGlQ112os78Ec,pay_N0920381,order_MOCK_10381,payment,31226,624.52,112.41,736.93,31226,30489.07,INR,2026-08-25T09:00:00.000Z,pending,mdr_fee
RUN-SEED-mt4l32y2,setl_DGlQ112os78Ec,pay_N0920382,order_MOCK_10382,payment,24721,494.42,89,583.42,24721,24137.58,INR,2026-08-25T09:00:00.000Z,pending,mdr_fee
RUN-SEED-mt4l32y2,setl_DGlQ112os78Ec,pay_N0920383,order_MOCK_10383,payment,5332,106.64,19.2,125.84,5332,5206.16,INR,2026-08-25T09:00:00.000Z,pending,mdr_fee
RUN-SEED-mt4l32y2,setl_DGlQ112os78Ec,pay_N0920384,order_MOCK_10384,payment,34938,698.76,125.78,824.54,34938,34113.46,INR,2026-08-25T09:00:00.000Z,pending,mdr_fee
RUN-SEED-mt4l32y2,setl_DGlQ112os78Ec,pay_N0920385,order_MOCK_10385,payment,7540,150.8,27.14,177.94,7540,7362.06,INR,2026-08-25T09:00:00.000Z,pending,mdr_fee
RUN-SEED-mt4l32y2,setl_DGlQ112os78Ec,pay_N0920386,order_MOCK_10386,payment,19295,385.9,69.46,455.36,19295,18839.64,INR,2026-08-25T09:00:00.000Z,pending,mdr_fee
RUN-SEED-mt4l32y2,setl_DGlQ112os78Ec,pay_N0920387,order_MOCK_10387,refund,-22685,0,0,22685,0,-22685,INR,2026-08-25T09:00:00.000Z,pending,refund_deduction
RUN-SEED-mt4l32y2,setl_DGlQ112os78Ec,pay_N0920388,order_MOCK_10388,payment,20966,419.32,75.48,494.8,20966,20471.2,INR,2026-08-25T09:00:00.000Z,pending,mdr_fee
RUN-SEED-mt4l32y2,setl_DGlQ112os78Ec,pay_N0920389,order_MOCK_10389,payment,2113,42.26,7.61,49.87,2113,2063.13,INR,2026-08-25T09:00:00.000Z,pending,mdr_fee
RUN-SEED-mt4l32y2,setl_DGlQ113os78Ec,pay_N0920390,order_MOCK_10390,payment,1959,39.18,7.05,46.23,1959,1912.77,INR,2026-08-27T09:00:00.000Z,pending,mdr_fee
RUN-SEED-mt4l32y2,setl_DGlQ113os78Ec,pay_N0920391,order_MOCK_10391,payment,6160,123.2,22.18,145.38,6160,6014.62,INR,2026-08-27T09:00:00.000Z,pending,mdr_fee
RUN-SEED-mt4l32y2,setl_DGlQ113os78Ec,pay_N0920392,order_MOCK_10392,payment,24974,499.48,89.91,589.39,24974,24384.61,INR,2026-08-27T09:00:00.000Z,pending,mdr_fee
RUN-SEED-mt4l32y2,setl_DGlQ113os78Ec,pay_N0920393,order_MOCK_10393,payment,20640,412.8,74.3,487.1,20640,20152.9,INR,2026-08-27T09:00:00.000Z,pending,mdr_fee
RUN-SEED-mt4l32y2,setl_DGlQ113os78Ec,pay_N0920394,order_MOCK_10394,payment,34536,690.72,124.33,815.05,34536,33720.95,INR,2026-08-27T09:00:00.000Z,pending,mdr_fee
RUN-SEED-mt4l32y2,setl_DGlQ113os78Ec,pay_N0920395,order_MOCK_10395,payment,6251,125.02,22.5,147.52,6251,6103.48,INR,2026-08-27T09:00:00.000Z,pending,mdr_fee
RUN-SEED-mt4l32y2,setl_DGlQ113os78Ec,pay_N0920396,order_MOCK_10396,refund,-20130,0,0,20130,0,-20130,INR,2026-08-27T09:00:00.000Z,pending,refund_deduction
RUN-SEED-mt4l32y2,setl_DGlQ113os78Ec,pay_N0920397,order_MOCK_10397,payment,18580,371.6,66.89,438.49,18580,18141.51,INR,2026-08-27T09:00:00.000Z,pending,mdr_fee
RUN-SEED-mt4l32y2,setl_DGlQ113os78Ec,pay_N0920398,order_MOCK_10398,payment,22359,447.18,80.49,527.67,22359,21831.33,INR,2026-08-27T09:00:00.000Z,pending,mdr_fee
RUN-SEED-mt4l32y2,setl_DGlQ113os78Ec,pay_N0920399,order_MOCK_10399,payment,32239,644.78,116.06,760.84,32239,31478.16,INR,2026-08-27T09:00:00.000Z,pending,mdr_fee
RUN-SEED-mt4l32y2,setl_DGlQ113os78Ec,pay_N0920400,order_MOCK_10400,payment,2154,43.08,7.75,50.83,2154,2103.17,INR,2026-08-27T09:00:00.000Z,pending,mdr_fee
RUN-SEED-mt4l32y2,setl_DGlQ113os78Ec,pay_N0920401,order_MOCK_10401,payment,10190,203.8,36.68,240.48,10190,9949.52,INR,2026-08-27T09:00:00.000Z,pending,mdr_fee
RUN-SEED-mt4l32y2,setl_DGlQ113os78Ec,pay_N0920402,order_MOCK_10402,payment,19900,398,71.64,469.64,19900,19430.36,INR,2026-08-27T09:00:00.000Z,pending,mdr_fee
RUN-SEED-mt4l32y2,setl_DGlQ113os78Ec,pay_N0920403,order_MOCK_10403,payment,7785,155.7,28.03,183.73,7785,7601.27,INR,2026-08-27T09:00:00.000Z,pending,mdr_fee
RUN-SEED-mt4l32y2,setl_DGlQ113os78Ec,pay_N0920404,order_MOCK_10404,payment,36096,721.92,129.95,851.87,36096,35244.13,INR,2026-08-27T09:00:00.000Z,pending,mdr_fee
RUN-SEED-mt4l32y2,setl_DGlQ113os78Ec,pay_N0920405,order_MOCK_10405,payment,14392,287.84,51.81,339.65,14392,14052.35,INR,2026-08-27T09:00:00.000Z,pending,mdr_fee
RUN-SEED-mt4l32y2,setl_DGlQ113os78Ec,pay_N0920406,order_MOCK_10406,payment,35626,712.52,128.25,840.77,35626,34785.23,INR,2026-08-27T09:00:00.000Z,pending,mdr_fee
RUN-SEED-mt4l32y2,setl_DGlQ113os78Ec,pay_N0920407,order_MOCK_10407,payment,18242,364.84,65.67,430.51,18242,17811.49,INR,2026-08-27T09:00:00.000Z,pending,mdr_fee
RUN-SEED-mt4l32y2,setl_DGlQ113os78Ec,pay_N0920408,order_MOCK_10408,payment,22203,444.06,79.93,523.99,22203,21679.01,INR,2026-08-27T09:00:00.000Z,pending,mdr_fee
RUN-SEED-mt4l32y2,setl_DGlQ113os78Ec,pay_N0920409,order_MOCK_10409,payment,32451,649.02,116.82,765.84,32451,31685.16,INR,2026-08-27T09:00:00.000Z,pending,mdr_fee
RUN-SEED-mt4l32y2,setl_DGlQ113os78Ec,pay_N0920410,order_MOCK_10410,payment,30484,609.68,109.74,719.42,30484,29764.58,INR,2026-08-27T09:00:00.000Z,pending,mdr_fee
RUN-SEED-mt4l32y2,setl_DGlQ113os78Ec,pay_N0920411,order_MOCK_10411,payment,13356,267.12,48.08,315.2,13356,13040.8,INR,2026-08-27T09:00:00.000Z,pending,mdr_fee
RUN-SEED-mt4l32y2,setl_DGlQ113os78Ec,pay_N0920412,order_MOCK_10412,payment,12067,241.34,43.44,284.78,12067,11782.22,INR,2026-08-27T09:00:00.000Z,pending,mdr_fee
RUN-SEED-mt4l32y2,setl_DGlQ113os78Ec,pay_N0920413,order_MOCK_10413,payment,12705,254.1,45.74,299.84,12705,12405.16,INR,2026-08-27T09:00:00.000Z,pending,mdr_fee
RUN-SEED-mt4l32y2,setl_DGlQ113os78Ec,pay_N0920414,order_MOCK_10414,payment,7268,145.36,26.16,171.52,7268,7096.48,INR,2026-08-27T09:00:00.000Z,pending,mdr_fee
RUN-SEED-mt4l32y2,setl_DGlQ113os78Ec,pay_N0920415,order_MOCK_10415,payment,4672,93.44,16.82,110.26,4672,4561.74,INR,2026-08-27T09:00:00.000Z,pending,mdr_fee
RUN-SEED-mt4l32y2,setl_DGlQ113os78Ec,pay_N0920416,order_MOCK_10416,payment,8480,169.6,30.53,200.13,8480,8279.87,INR,2026-08-27T09:00:00.000Z,pending,mdr_fee
RUN-SEED-mt4l32y2,setl_DGlQ113os78Ec,pay_N0920417,order_MOCK_10417,payment,13427,268.54,48.34,316.88,13427,13110.12,INR,2026-08-27T09:00:00.000Z,pending,mdr_fee
RUN-SEED-mt4l32y2,setl_DGlQ113os78Ec,pay_N0920418,order_MOCK_10418,payment,36635,732.7,131.89,864.59,36635,35770.41,INR,2026-08-27T09:00:00.000Z,pending,mdr_fee
RUN-SEED-mt4l32y2,setl_DGlQ113os78Ec,pay_N0920419,order_MOCK_10419,payment,26448,528.96,95.21,624.17,26448,25823.83,INR,2026-08-27T09:00:00.000Z,pending,mdr_fee
RUN-SEED-mt4l32y2,setl_DGlQ114os78Ec,pay_N0920420,order_MOCK_10420,payment,9086,181.72,32.71,214.43,9086,8871.57,INR,2026-08-29T09:00:00.000Z,pending,mdr_fee
RUN-SEED-mt4l32y2,setl_DGlQ114os78Ec,pay_N0920421,order_MOCK_10421,payment,8886,177.72,31.99,209.71,8886,8676.29,INR,2026-08-29T09:00:00.000Z,pending,mdr_fee
RUN-SEED-mt4l32y2,setl_DGlQ114os78Ec,pay_N0920422,order_MOCK_10422,payment,4348,86.96,15.65,102.61,4348,4245.39,INR,2026-08-29T09:00:00.000Z,pending,mdr_fee
RUN-SEED-mt4l32y2,setl_DGlQ114os78Ec,pay_N0920423,order_MOCK_10423,payment,10608,212.16,38.19,250.35,10608,10357.65,INR,2026-08-29T09:00:00.000Z,pending,mdr_fee
RUN-SEED-mt4l32y2,setl_DGlQ114os78Ec,pay_N0920424,order_MOCK_10424,payment,32448,648.96,116.81,765.77,32448,31682.23,INR,2026-08-29T09:00:00.000Z,pending,mdr_fee
RUN-SEED-mt4l32y2,setl_DGlQ114os78Ec,pay_N0920425,order_MOCK_10425,payment,37025,740.5,133.29,873.79,37025,36151.21,INR,2026-08-29T09:00:00.000Z,pending,mdr_fee
RUN-SEED-mt4l32y2,setl_DGlQ114os78Ec,pay_N0920426,order_MOCK_10426,payment,37909,758.18,136.47,894.65,37909,37014.35,INR,2026-08-29T09:00:00.000Z,pending,mdr_fee
RUN-SEED-mt4l32y2,setl_DGlQ114os78Ec,pay_N0920427,order_MOCK_10427,payment,37447,748.94,134.81,883.75,37447,36563.25,INR,2026-08-29T09:00:00.000Z,pending,mdr_fee
RUN-SEED-mt4l32y2,setl_DGlQ114os78Ec,pay_N0920428,order_MOCK_10428,payment,22993,459.86,82.77,542.63,22993,22450.37,INR,2026-08-29T09:00:00.000Z,pending,mdr_fee
RUN-SEED-mt4l32y2,setl_DGlQ114os78Ec,pay_N0920429,order_MOCK_10429,payment,4898,97.96,17.63,115.59,4898,4782.41,INR,2026-08-29T09:00:00.000Z,pending,mdr_fee
RUN-SEED-mt4l32y2,setl_DGlQ114os78Ec,pay_N0920430,order_MOCK_10430,payment,34749,694.98,125.1,820.08,34749,33928.92,INR,2026-08-29T09:00:00.000Z,pending,mdr_fee
RUN-SEED-mt4l32y2,setl_DGlQ114os78Ec,pay_N0920431,order_MOCK_10431,payment,31936,638.72,114.97,753.69,31936,31182.31,INR,2026-08-29T09:00:00.000Z,pending,mdr_fee
RUN-SEED-mt4l32y2,setl_DGlQ114os78Ec,pay_N0920432,order_MOCK_10432,payment,2478,49.56,8.92,58.48,2478,2419.52,INR,2026-08-29T09:00:00.000Z,pending,mdr_fee
RUN-SEED-mt4l32y2,setl_DGlQ114os78Ec,pay_N0920433,order_MOCK_10433,payment,2475,49.5,8.91,58.41,2475,2416.59,INR,2026-08-29T09:00:00.000Z,pending,mdr_fee
RUN-SEED-mt4l32y2,setl_DGlQ114os78Ec,pay_N0920434,order_MOCK_10434,payment,29473,589.46,106.1,695.56,29473,28777.44,INR,2026-08-29T09:00:00.000Z,pending,mdr_fee
RUN-SEED-mt4l32y2,setl_DGlQ114os78Ec,pay_N0920435,order_MOCK_10435,refund,-37871,0,0,37871,0,-37871,INR,2026-08-29T09:00:00.000Z,pending,refund_deduction
RUN-SEED-mt4l32y2,setl_DGlQ114os78Ec,pay_N0920436,order_MOCK_10436,payment,34819,696.38,125.35,821.73,34819,33997.27,INR,2026-08-29T09:00:00.000Z,pending,mdr_fee
RUN-SEED-mt4l32y2,setl_DGlQ114os78Ec,pay_N0920437,order_MOCK_10437,payment,14614,292.28,52.61,344.89,14614,14269.11,INR,2026-08-29T09:00:00.000Z,pending,mdr_fee
RUN-SEED-mt4l32y2,setl_DGlQ114os78Ec,pay_N0920438,order_MOCK_10438,payment,3857,77.14,13.89,91.03,3857,3765.97,INR,2026-08-29T09:00:00.000Z,pending,mdr_fee
RUN-SEED-mt4l32y2,setl_DGlQ114os78Ec,pay_N0920439,order_MOCK_10439,payment,7130,142.6,25.67,168.27,7130,6961.73,INR,2026-08-29T09:00:00.000Z,pending,mdr_fee
RUN-SEED-mt4l32y2,setl_DGlQ114os78Ec,pay_N0920440,order_MOCK_10440,payment,32944,658.88,118.6,777.48,32944,32166.52,INR,2026-08-29T09:00:00.000Z,pending,mdr_fee
RUN-SEED-mt4l32y2,setl_DGlQ114os78Ec,pay_N0920441,order_MOCK_10441,payment,17947,358.94,64.61,423.55,17947,17523.45,INR,2026-08-29T09:00:00.000Z,pending,mdr_fee
RUN-SEED-mt4l32y2,setl_DGlQ114os78Ec,pay_N0920442,order_MOCK_10442,payment,13926,278.52,50.13,328.65,13926,13597.35,INR,2026-08-29T09:00:00.000Z,pending,mdr_fee
RUN-SEED-mt4l32y2,setl_DGlQ114os78Ec,pay_N0920443,order_MOCK_10443,payment,30787,615.74,110.83,726.57,30787,30060.43,INR,2026-08-29T09:00:00.000Z,pending,mdr_fee
RUN-SEED-mt4l32y2,setl_DGlQ114os78Ec,pay_N0920444,order_MOCK_10444,payment,13547,270.94,48.77,319.71,13547,13227.29,INR,2026-08-29T09:00:00.000Z,pending,mdr_fee
RUN-SEED-mt4l32y2,setl_DGlQ114os78Ec,pay_N0920445,order_MOCK_10445,payment,9974,199.48,35.91,235.39,9974,9738.61,INR,2026-08-29T09:00:00.000Z,pending,mdr_fee
RUN-SEED-mt4l32y2,setl_DGlQ114os78Ec,pay_N0920446,order_MOCK_10446,payment,23798,475.96,85.67,561.63,23798,23236.37,INR,2026-08-29T09:00:00.000Z,pending,mdr_fee
RUN-SEED-mt4l32y2,setl_DGlQ114os78Ec,pay_N0920447,order_MOCK_10447,payment,25665,513.3,92.39,605.69,25665,25059.31,INR,2026-08-29T09:00:00.000Z,pending,mdr_fee
RUN-SEED-mt4l32y2,setl_DGlQ114os78Ec,pay_N0920448,order_MOCK_10448,payment,28777,575.54,103.6,679.14,28777,28097.86,INR,2026-08-29T09:00:00.000Z,pending,mdr_fee
RUN-SEED-mt4l32y2,setl_DGlQ114os78Ec,pay_N0920449,order_MOCK_10449,payment,28049,560.98,100.98,661.96,28049,27387.04,INR,2026-08-29T09:00:00.000Z,pending,mdr_fee
RUN-SEED-mt4l32y2,setl_DGlQ114os78Ec,pay_N0920450,order_MOCK_10450,payment,21015,420.3,75.65,495.95,21015,20519.05,INR,2026-08-29T09:00:00.000Z,pending,mdr_fee
RUN-SEED-mt4l32y2,setl_DGlQ115os78Ec,pay_N0920451,order_MOCK_10451,payment,33072,661.44,119.06,780.5,33072,32291.5,INR,2026-08-31T09:00:00.000Z,pending,mdr_fee
RUN-SEED-mt4l32y2,setl_DGlQ115os78Ec,pay_N0920452,order_MOCK_10452,payment,7907,158.14,28.47,186.61,7907,7720.39,INR,2026-08-31T09:00:00.000Z,pending,mdr_fee
RUN-SEED-mt4l32y2,setl_DGlQ115os78Ec,pay_N0920453,order_MOCK_10453,payment,24509,490.18,88.23,578.41,24509,23930.59,INR,2026-08-31T09:00:00.000Z,pending,mdr_fee
RUN-SEED-mt4l32y2,setl_DGlQ115os78Ec,pay_N0920454,order_MOCK_10454,payment,34068,681.36,122.64,804,34068,33264,INR,2026-08-31T09:00:00.000Z,pending,mdr_fee
RUN-SEED-mt4l32y2,setl_DGlQ115os78Ec,pay_N0920455,order_MOCK_10455,payment,26879,537.58,96.76,634.34,26879,26244.66,INR,2026-08-31T09:00:00.000Z,pending,mdr_fee
RUN-SEED-mt4l32y2,setl_DGlQ115os78Ec,pay_N0920456,order_MOCK_10456,payment,19492,389.84,70.17,460.01,19492,19031.99,INR,2026-08-31T09:00:00.000Z,pending,mdr_fee
RUN-SEED-mt4l32y2,setl_DGlQ115os78Ec,pay_N0920457,order_MOCK_10457,payment,6650,133,23.94,156.94,6650,6493.06,INR,2026-08-31T09:00:00.000Z,pending,mdr_fee
RUN-SEED-mt4l32y2,setl_DGlQ115os78Ec,pay_N0920458,order_MOCK_10458,payment,32143,642.86,115.71,758.57,32143,31384.43,INR,2026-08-31T09:00:00.000Z,pending,mdr_fee
RUN-SEED-mt4l32y2,setl_DGlQ115os78Ec,pay_N0920459,order_MOCK_10459,payment,24074,481.48,86.67,568.15,24074,23505.85,INR,2026-08-31T09:00:00.000Z,pending,mdr_fee
RUN-SEED-mt4l32y2,setl_DGlQ115os78Ec,pay_N0920460,order_MOCK_10460,payment,2766,55.32,9.96,65.28,2766,2700.72,INR,2026-08-31T09:00:00.000Z,pending,mdr_fee
RUN-SEED-mt4l32y2,setl_DGlQ115os78Ec,pay_N0920461,order_MOCK_10461,payment,22920,458.4,82.51,540.91,22920,22379.09,INR,2026-08-31T09:00:00.000Z,pending,mdr_fee
RUN-SEED-mt4l32y2,setl_DGlQ115os78Ec,pay_N0920462,order_MOCK_10462,payment,19617,392.34,70.62,462.96,19617,19154.04,INR,2026-08-31T09:00:00.000Z,pending,mdr_fee
RUN-SEED-mt4l32y2,setl_DGlQ115os78Ec,pay_N0920463,order_MOCK_10463,payment,23752,475.04,85.51,560.55,23752,23191.45,INR,2026-08-31T09:00:00.000Z,pending,mdr_fee
RUN-SEED-mt4l32y2,setl_DGlQ115os78Ec,pay_N0920464,order_MOCK_10464,payment,35264,705.28,126.95,832.23,35264,34431.77,INR,2026-08-31T09:00:00.000Z,pending,mdr_fee
RUN-SEED-mt4l32y2,setl_DGlQ115os78Ec,pay_N0920465,order_MOCK_10465,payment,29523,590.46,106.28,696.74,29523,28826.26,INR,2026-08-31T09:00:00.000Z,pending,mdr_fee
RUN-SEED-mt4l32y2,setl_DGlQ115os78Ec,pay_N0920466,order_MOCK_10466,payment,3399,67.98,12.24,80.22,3399,3318.78,INR,2026-08-31T09:00:00.000Z,pending,mdr_fee
RUN-SEED-mt4l32y2,setl_DGlQ115os78Ec,pay_N0920467,order_MOCK_10467,payment,16576,331.52,59.67,391.19,16576,16184.81,INR,2026-08-31T09:00:00.000Z,pending,mdr_fee
RUN-SEED-mt4l32y2,setl_DGlQ115os78Ec,pay_N0920468,order_MOCK_10468,refund,-21675,0,0,21675,0,-21675,INR,2026-08-31T09:00:00.000Z,pending,refund_deduction
RUN-SEED-mt4l32y2,setl_DGlQ115os78Ec,pay_N0920469,order_MOCK_10469,payment,29722,594.44,107,701.44,29722,29020.56,INR,2026-08-31T09:00:00.000Z,pending,mdr_fee
RUN-SEED-mt4l32y2,setl_DGlQ115os78Ec,pay_N0920470,order_MOCK_10470,payment,19377,387.54,69.76,457.3,19377,18919.7,INR,2026-08-31T09:00:00.000Z,pending,mdr_fee
RUN-SEED-mt4l32y2,setl_DGlQ115os78Ec,pay_N0920471,order_MOCK_10471,payment,5810,116.2,20.92,137.12,5810,5672.88,INR,2026-08-31T09:00:00.000Z,pending,mdr_fee
RUN-SEED-mt4l32y2,setl_DGlQ115os78Ec,pay_N0920472,order_MOCK_10472,payment,24368,487.36,87.72,575.08,24368,23792.92,INR,2026-08-31T09:00:00.000Z,pending,mdr_fee
RUN-SEED-mt4l32y2,setl_DGlQ115os78Ec,pay_N0920473,order_MOCK_10473,payment,16456,329.12,59.24,388.36,16456,16067.64,INR,2026-08-31T09:00:00.000Z,pending,mdr_fee
RUN-SEED-mt4l32y2,setl_DGlQ115os78Ec,pay_N0920474,order_MOCK_10474,payment,11896,237.92,42.83,280.75,11896,11615.25,INR,2026-08-31T09:00:00.000Z,pending,mdr_fee
RUN-SEED-mt4l32y2,setl_DGlQ115os78Ec,pay_N0920475,order_MOCK_10475,payment,13381,267.62,48.17,315.79,13381,13065.21,INR,2026-08-31T09:00:00.000Z,pending,mdr_fee
RUN-SEED-mt4l32y2,setl_DGlQ115os78Ec,pay_N0920476,order_MOCK_10476,payment,22248,444.96,80.09,525.05,22248,21722.95,INR,2026-08-31T09:00:00.000Z,pending,mdr_fee
RUN-SEED-mt4l32y2,setl_DGlQ115os78Ec,pay_N0920477,order_MOCK_10477,payment,12667,253.34,45.6,298.94,12667,12368.06,INR,2026-08-31T09:00:00.000Z,pending,mdr_fee
RUN-SEED-mt4l32y2,setl_DGlQ115os78Ec,pay_N0920478,order_MOCK_10478,payment,25623,512.46,92.24,604.7,25623,25018.3,INR,2026-08-31T09:00:00.000Z,pending,mdr_fee
RUN-SEED-mt4l32y2,setl_DGlQ115os78Ec,pay_N0920479,order_MOCK_10479,payment,23779,475.58,85.6,561.18,23779,23217.82,INR,2026-08-31T09:00:00.000Z,pending,mdr_fee
RUN-SEED-mt4l32y2,setl_DGlQ115os78Ec,pay_N0920480,order_MOCK_10480,refund,-3929,0,0,3929,0,-3929,INR,2026-08-31T09:00:00.000Z,pending,refund_deduction
RUN-SEED-mt4l32y2,setl_DGlQ115os78Ec,pay_N0920481,order_MOCK_10481,payment,11324,226.48,40.77,267.25,11324,11056.75,INR,2026-08-31T09:00:00.000Z,pending,mdr_fee
RUN-SEED-mt4l32y2,setl_DGlQ115os78Ec,pay_N0920482,order_MOCK_10482,payment,3101,62.02,11.16,73.18,3101,3027.82,INR,2026-08-31T09:00:00.000Z,pending,mdr_fee
RUN-SEED-mt4l32y2,setl_DGlQ115os78Ec,pay_N0920483,order_MOCK_10483,payment,32559,651.18,117.21,768.39,32559,31790.61,INR,2026-08-31T09:00:00.000Z,pending,mdr_fee
RUN-SEED-mt4l32y2,setl_DGlQ115os78Ec,pay_N0920484,order_MOCK_10484,payment,36477,729.54,131.32,860.86,36477,35616.14,INR,2026-08-31T09:00:00.000Z,pending,mdr_fee
RUN-SEED-mt4l32y2,setl_DGlQ116os78Ec,pay_N0920485,order_MOCK_10485,payment,27744,554.88,99.88,654.76,27744,27089.24,INR,2026-09-02T09:00:00.000Z,pending,mdr_fee
RUN-SEED-mt4l32y2,setl_DGlQ116os78Ec,pay_N0920486,order_MOCK_10486,refund,-23607,0,0,23607,0,-23607,INR,2026-09-02T09:00:00.000Z,pending,refund_deduction
RUN-SEED-mt4l32y2,setl_DGlQ116os78Ec,pay_N0920487,order_MOCK_10487,payment,8672,173.44,31.22,204.66,8672,8467.34,INR,2026-09-02T09:00:00.000Z,pending,mdr_fee
RUN-SEED-mt4l32y2,setl_DGlQ116os78Ec,pay_N0920488,order_MOCK_10488,payment,19716,394.32,70.98,465.3,19716,19250.7,INR,2026-09-02T09:00:00.000Z,pending,mdr_fee
RUN-SEED-mt4l32y2,setl_DGlQ116os78Ec,pay_N0920489,order_MOCK_10489,payment,11858,237.16,42.69,279.85,11858,11578.15,INR,2026-09-02T09:00:00.000Z,pending,mdr_fee
RUN-SEED-mt4l32y2,setl_DGlQ116os78Ec,pay_N0920490,order_MOCK_10490,payment,33564,671.28,120.83,792.11,33564,32771.89,INR,2026-09-02T09:00:00.000Z,pending,mdr_fee
RUN-SEED-mt4l32y2,setl_DGlQ116os78Ec,pay_N0920491,order_MOCK_10491,payment,29887,597.74,107.59,705.33,29887,29181.67,INR,2026-09-02T09:00:00.000Z,pending,mdr_fee
RUN-SEED-mt4l32y2,setl_DGlQ116os78Ec,pay_N0920492,order_MOCK_10492,payment,13107,262.14,47.19,309.33,13107,12797.67,INR,2026-09-02T09:00:00.000Z,pending,mdr_fee
RUN-SEED-mt4l32y2,setl_DGlQ116os78Ec,pay_N0920493,order_MOCK_10493,payment,17391,347.82,62.61,410.43,17391,16980.57,INR,2026-09-02T09:00:00.000Z,pending,mdr_fee
RUN-SEED-mt4l32y2,setl_DGlQ116os78Ec,pay_N0920494,order_MOCK_10494,payment,28890,577.8,104,681.8,28890,28208.2,INR,2026-09-02T09:00:00.000Z,pending,mdr_fee
RUN-SEED-mt4l32y2,setl_DGlQ116os78Ec,pay_N0920495,order_MOCK_10495,payment,26583,531.66,95.7,627.36,26583,25955.64,INR,2026-09-02T09:00:00.000Z,pending,mdr_fee
RUN-SEED-mt4l32y2,setl_DGlQ116os78Ec,pay_N0920496,order_MOCK_10496,refund,-12369,0,0,12369,0,-12369,INR,2026-09-02T09:00:00.000Z,pending,refund_deduction
RUN-SEED-mt4l32y2,setl_DGlQ116os78Ec,pay_N0920497,order_MOCK_10497,payment,31790,635.8,114.44,750.24,31790,31039.76,INR,2026-09-02T09:00:00.000Z,pending,mdr_fee
RUN-SEED-mt4l32y2,setl_DGlQ116os78Ec,pay_N0920498,order_MOCK_10498,payment,27050,541,97.38,638.38,27050,26411.62,INR,2026-09-02T09:00:00.000Z,pending,mdr_fee
RUN-SEED-mt4l32y2,setl_DGlQ116os78Ec,pay_N0920499,order_MOCK_10499,payment,1663,33.26,5.99,39.25,1663,1623.75,INR,2026-09-02T09:00:00.000Z,pending,mdr_fee
RUN-SEED-mt4l32y2,setl_DGlQ116os78Ec,pay_N0920500,order_MOCK_10500,payment,28230,564.6,101.63,666.23,28230,27563.77,INR,2026-09-02T09:00:00.000Z,pending,mdr_fee
RUN-SEED-mt4l32y2,setl_DGlQ116os78Ec,pay_N0920501,order_MOCK_10501,payment,22373,447.46,80.54,528,22373,21845,INR,2026-09-02T09:00:00.000Z,pending,mdr_fee
RUN-SEED-mt4l32y2,setl_DGlQ116os78Ec,pay_N0920502,order_MOCK_10502,payment,29003,580.06,104.41,684.47,29003,28318.53,INR,2026-09-02T09:00:00.000Z,pending,mdr_fee
RUN-SEED-mt4l32y2,setl_DGlQ116os78Ec,pay_N0920503,order_MOCK_10503,payment,8383,167.66,30.18,197.84,8383,8185.16,INR,2026-09-02T09:00:00.000Z,pending,mdr_fee
RUN-SEED-mt4l32y2,setl_DGlQ116os78Ec,pay_N0920504,order_MOCK_10504,payment,7377,147.54,26.56,174.1,7377,7202.9,INR,2026-09-02T09:00:00.000Z,pending,mdr_fee
RUN-SEED-mt4l32y2,setl_DGlQ116os78Ec,pay_N0920505,order_MOCK_10505,payment,27470,549.4,98.89,648.29,27470,26821.71,INR,2026-09-02T09:00:00.000Z,pending,mdr_fee
RUN-SEED-mt4l32y2,setl_DGlQ116os78Ec,pay_N0920506,order_MOCK_10506,payment,27953,559.06,100.63,659.69,27953,27293.31,INR,2026-09-02T09:00:00.000Z,pending,mdr_fee
RUN-SEED-mt4l32y2,setl_DGlQ116os78Ec,pay_N0920507,order_MOCK_10507,payment,19991,399.82,71.97,471.79,19991,19519.21,INR,2026-09-02T09:00:00.000Z,pending,mdr_fee
RUN-SEED-mt4l32y2,setl_DGlQ116os78Ec,pay_N0920508,order_MOCK_10508,refund,-34729,0,0,34729,0,-34729,INR,2026-09-02T09:00:00.000Z,pending,refund_deduction
RUN-SEED-mt4l32y2,setl_DGlQ116os78Ec,pay_N0920509,order_MOCK_10509,payment,19824,396.48,71.37,467.85,19824,19356.15,INR,2026-09-02T09:00:00.000Z,pending,mdr_fee
RUN-SEED-mt4l32y2,setl_DGlQ116os78Ec,pay_N0920510,order_MOCK_10510,payment,26489,529.78,95.36,625.14,26489,25863.86,INR,2026-09-02T09:00:00.000Z,pending,mdr_fee
RUN-SEED-mt4l32y2,setl_DGlQ116os78Ec,pay_N0920511,order_MOCK_10511,payment,14406,288.12,51.86,339.98,14406,14066.02,INR,2026-09-02T09:00:00.000Z,pending,mdr_fee
RUN-SEED-mt4l32y2,setl_DGlQ116os78Ec,pay_N0920512,order_MOCK_10512,payment,21798,435.96,78.47,514.43,21798,21283.57,INR,2026-09-02T09:00:00.000Z,pending,mdr_fee
RUN-SEED-mt4l32y2,setl_DGlQ116os78Ec,pay_N0920513,order_MOCK_10513,payment,28155,563.1,101.36,664.46,28155,27490.54,INR,2026-09-02T09:00:00.000Z,pending,mdr_fee
RUN-SEED-mt4l32y2,setl_DGlQ116os78Ec,pay_N0920514,order_MOCK_10514,payment,9012,180.24,32.44,212.68,9012,8799.32,INR,2026-09-02T09:00:00.000Z,pending,mdr_fee
RUN-SEED-mt4l32y2,setl_DGlQ116os78Ec,pay_N0920515,order_MOCK_10515,payment,25000,500,90,590,25000,24410,INR,2026-09-02T09:00:00.000Z,pending,mdr_fee
RUN-SEED-mt4l32y2,setl_DGlQ116os78Ec,pay_N0920516,order_MOCK_10516,payment,37611,752.22,135.4,887.62,37611,36723.38,INR,2026-09-02T09:00:00.000Z,pending,mdr_fee